Workbook

Sheet CENTRO ANDAMENTO ALUNOS
A1: ALUNOS | B1: EDUCADOR | C1: DIA SEMANA | D1: DATA INICIO | E1: DATA TERMINO | F1: TOTAL SEMANAS | G1: SEMANAS CONCLUIDAS | H1: AULAS CURSO | I1: AULAS CONCLUIDAS | J1: AULAS ATRASADAS | K1: SITUAÇÃO | L1: DATA ACOMPANHAMENTO | M1: DIAS VERIFICADOS | N1: VERIFICAÇÃO
A2: ACSA MARIA ALVES DA SILVA | B2: JOICE LOPES | C2: =L2 -> 46163 | D2: 46077 | E2: 46654 | F2: =(E2-D2)/7 -> 82.428571 | G2: =(TODAY()-D2)/7 -> 13.428571 | H2: 80 | I2: 17 | J2: =IFERROR(((G2*H2)/F2)-I2,"") -> -3.9670711 | K2: =IF(J2<-10,"MUITO ADIANTADO",IF(J2<-6,"ADIANTADO",IF(J2<6,"EM DIAS",IF(J2<12,"ATRASADO","MUITO ATRASADO")))) -> EM DIAS | L2: 46163 | M2: =TODAY()-L2 -> 8 | N2: =IF(M2<8,"VERIFICADO",IF(M2<15,"VERIFICAR","VERIFICAR URGENTE")) -> VERIFICAR
A3: ADRIANA DA SILVA SOUZA | B3: NUBIA CARVALHO | C3: =L3 -> 46162 | D3: 46059 | E3: 46394 | F3: =(E3-D3)/7 -> 47.857143 | G3: =(TODAY()-D3)/7 -> 16 | H3: 48 | I3: 12 | J3: =IFERROR(((G3*H3)/F3)-I3,"") -> 4.0477612 | K3: =IF(J3<-10,"MUITO ADIANTADO",IF(J3<-6,"ADIANTADO",IF(J3<6,"EM DIAS",IF(J3<12,"ATRASADO","MUITO ATRASADO")))) -> EM DIAS | L3: 46162 | M3: =TODAY()-L3 -> 9 | N3: =IF(M3<8,"VERIFICADO",IF(M3<15,"VERIFICAR","VERIFICAR URGENTE")) -> VERIFICAR
A4: FERNANDA CHRISÓSTOMO BOMFIM VALADARES | B4: JORGE SOUZA | C4: =L4 -> 46162 | D4: 45790 | E4: 46249 | F4: =(E4-D4)/7 -> 65.571429 | G4: =(TODAY()-D4)/7 -> 54.428571 | H4: 112 | I4: 92 | J4: =IFERROR(((G4*H4)/F4)-I4,"") -> 0.96732026 | K4: =IF(J4<-10,"MUITO ADIANTADO",IF(J4<-6,"ADIANTADO",IF(J4<6,"EM DIAS",IF(J4<12,"ATRASADO","MUITO ATRASADO")))) -> EM DIAS | L4: 46162 | M4: =TODAY()-L4 -> 9 | N4: =IF(M4<8,"VERIFICADO",IF(M4<15,"VERIFICAR","VERIFICAR URGENTE")) -> VERIFICAR
A5: ISABELA CARVALHO BONFIM | B5: JORGE SOUZA | C5: =L5 -> 46162 | D5: 45141 | E5: 46386 | F5: =(E5-D5)/7 -> 177.85714 | G5: =(TODAY()-D5)/7 -> 147.14286 | H5: 192 | I5: 166 | J5: =IFERROR(((G5*H5)/F5)-I5,"") -> -7.1566265 | K5: =IF(J5<-10,"MUITO ADIANTADO",IF(J5<-6,"ADIANTADO",IF(J5<6,"EM DIAS",IF(J5<12,"ATRASADO","MUITO ATRASADO")))) -> ADIANTADO | L5: 46162 | M5: =TODAY()-L5 -> 9 | N5: =IF(M5<8,"VERIFICADO",IF(M5<15,"VERIFICAR","VERIFICAR URGENTE")) -> VERIFICAR
A6: ADRIMY DAMACENO RIBEIRO | B6: EDILEUSA CHAVES | C6: =L6 -> 46163 | D6: 46093 | E6: 47557 | F6: =(E6-D6)/7 -> 209.14286 | G6: =(TODAY()-D6)/7 -> 11.142857 | H6: 208 | I6: 14 | J6: =IFERROR(((G6*H6)/F6)-I6,"") -> -2.9180328 | K6: =IF(J6<-10,"MUITO ADIANTADO",IF(J6<-6,"ADIANTADO",IF(J6<6,"EM DIAS",IF(J6<12,"ATRASADO","MUITO ATRASADO")))) -> EM DIAS | L6: 46163 | M6: =TODAY()-L6 -> 8 | N6: =IF(M6<8,"VERIFICADO",IF(M6<15,"VERIFICAR","VERIFICAR URGENTE")) -> VERIFICAR
A7: ADRYAN PINHEIRO CAMPOS | B7: EDMUNDO SANTOS | C7: =L7 -> 46163 | D7: 45881 | E7: 46578 | F7: =(E7-D7)/7 -> 99.571429 | G7: =(TODAY()-D7)/7 -> 41.428571 | H7: 112 | I7: 40 | J7: =IFERROR(((G7*H7)/F7)-I7,"") -> 6.5997131 | K7: =IF(J7<-10,"MUITO ADIANTADO",IF(J7<-6,"ADIANTADO",IF(J7<6,"EM DIAS",IF(J7<12,"ATRASADO","MUITO ATRASADO")))) -> ATRASADO | L7: 46163 | M7: =TODAY()-L7 -> 8 | N7: =IF(M7<8,"VERIFICADO",IF(M7<15,"VERIFICAR","VERIFICAR URGENTE")) -> VERIFICAR
A8: ADRYANA KELLY RODRIGUES DA SILVA | B8: EDILEUSA CHAVES | C8: =L8 -> 46163 | D8: 46148 | E8: 46822 | F8: =(E8-D8)/7 -> 96.285714 | G8: 0 | H8: 112 | I8: 5 | J8: =IFERROR(((G8*H8)/F8)-I8,"") -> -5 | K8: =IF(J8<-10,"MUITO ADIANTADO",IF(J8<-6,"ADIANTADO",IF(J8<6,"EM DIAS",IF(J8<12,"ATRASADO","MUITO ATRASADO")))) -> EM DIAS | L8: 46163 | M8: =TODAY()-L8 -> 8 | N8: =IF(M8<8,"VERIFICADO",IF(M8<15,"VERIFICAR","VERIFICAR URGENTE")) -> VERIFICAR
A9: AFIA MARIA ALVES DA SILVA | B9: EDILEUSA CHAVES | C9: =L9 -> 46163 | D9: 45811 | E9: 46376 | F9: =(E9-D9)/7 -> 80.714286 | G9: =(TODAY()-D9)/7 -> 51.428571 | H9: 80 | I9: 43 | J9: =IFERROR(((G9*H9)/F9)-I9,"") -> 7.9734513 | K9: =IF(J9<-10,"MUITO ADIANTADO",IF(J9<-6,"ADIANTADO",IF(J9<6,"EM DIAS",IF(J9<12,"ATRASADO","MUITO ATRASADO")))) -> ATRASADO | L9: 46163 | M9: =TODAY()-L9 -> 8 | N9: =IF(M9<8,"VERIFICADO",IF(M9<15,"VERIFICAR","VERIFICAR URGENTE")) -> VERIFICAR
A10: ALAIANA DE OLIVEIRA ESTEVAM | B10: EDILEUSA CHAVES | C10: =L10 -> 46161 | D10: 45947 | E10: 46407 | F10: =(E10-D10)/7 -> 65.714286 | G10: =(TODAY()-D10)/7 -> 32 | H10: 80 | I10: 41 | J10: =IFERROR(((G10*H10)/F10)-I10,"") -> -2.0434783 | K10: =IF(J10<-10,"MUITO ADIANTADO",IF(J10<-6,"ADIANTADO",IF(J10<6,"EM DIAS",IF(J10<12,"ATRASADO","MUITO ATRASADO")))) -> EM DIAS | L10: 46161 | M10: =TODAY()-L10 -> 10 | N10: =IF(M10<8,"VERIFICADO",IF(M10<15,"VERIFICAR","VERIFICAR URGENTE")) -> VERIFICAR
A11: ALANA ARAUJO COSTA | B11: NUBIA CARVALHO | C11: =L11 -> 46157 | D11: 45933 | E11: 46325 | F11: =(E11-D11)/7 -> 56 | G11: =(TODAY()-D11)/7 -> 34 | H11: 64 | I11: 35 | J11: =IFERROR(((G11*H11)/F11)-I11,"") -> 3.8571429 | K11: =IF(J11<-10,"MUITO ADIANTADO",IF(J11<-6,"ADIANTADO",IF(J11<6,"EM DIAS",IF(J11<12,"ATRASADO","MUITO ATRASADO")))) -> EM DIAS | L11: 46157 | M11: =TODAY()-L11 -> 14 | N11: =IF(M11<8,"VERIFICADO",IF(M11<15,"VERIFICAR","VERIFICAR URGENTE")) -> VERIFICAR
A12: ALANA ÉVANI DOS SANTOS SILVA | B12: EDILEUSA CHAVES | C12: =L12 -> 46165 | D12: 45875 | E12: 47609 | F12: =(E12-D12)/7 -> 247.71429 | G12: =(TODAY()-D12)/7 -> 42.285714 | H12: 257 | I12: 40 | J12: =IFERROR(((G12*H12)/F12)-I12,"") -> 3.8708189 | K12: =IF(J12<-10,"MUITO ADIANTADO",IF(J12<-6,"ADIANTADO",IF(J12<6,"EM DIAS",IF(J12<12,"ATRASADO","MUITO ATRASADO")))) -> EM DIAS | L12: 46165 | M12: =TODAY()-L12 -> 6 | N12: =IF(M12<8,"VERIFICADO",IF(M12<15,"VERIFICAR","VERIFICAR URGENTE")) -> VERIFICADO
A13: DORAN DOS SANTOS SILVA | B13: JORGE SOUZA | C13: =L13 -> 46162 | D13: 45889 | E13: 46822 | F13: =(E13-D13)/7 -> 133.28571 | G13: =(TODAY()-D13)/7 -> 40.285714 | H13: 128 | I13: 38 | J13: =IFERROR(((G13*H13)/F13)-I13,"") -> 0.68810289 | K13: =IF(J13<-10,"MUITO ADIANTADO",IF(J13<-6,"ADIANTADO",IF(J13<6,"EM DIAS",IF(J13<12,"ATRASADO","MUITO ATRASADO")))) -> EM DIAS | L13: 46162 | M13: =TODAY()-L13 -> 9 | N13: =IF(M13<8,"VERIFICADO",IF(M13<15,"VERIFICAR","VERIFICAR URGENTE")) -> VERIFICAR
A14: ALEXANDRE LEAL NASCIMENTO | B14: EDILEUSA CHAVES | C14: =L14 -> 46163 | D14: 45890 | E14: 46784 | F14: =(E14-D14)/7 -> 127.71429 | G14: =(TODAY()-D14)/7 -> 40.142857 | H14: 160 | I14: 55 | J14: =IFERROR(((G14*H14)/F14)-I14,"") -> -4.7091723 | K14: =IF(J14<-10,"MUITO ADIANTADO",IF(J14<-6,"ADIANTADO",IF(J14<6,"EM DIAS",IF(J14<12,"ATRASADO","MUITO ATRASADO")))) -> EM DIAS | L14: 46163 | M14: =TODAY()-L14 -> 8 | N14: =IF(M14<8,"VERIFICADO",IF(M14<15,"VERIFICAR","VERIFICAR URGENTE")) -> VERIFICAR
A15: ALICE DE SOUZA SCHMIDT | B15: JOICE LOPES | C15: =L15 -> 46164 | D15: 45750 | E15: 46296 | F15: =(E15-D15)/7 -> 78 | G15: =(TODAY()-D15)/7 -> 60.142857 | H15: 80 | I15: 58 | J15: =IFERROR(((G15*H15)/F15)-I15,"") -> 3.6849817 | K15: =IF(J15<-10,"MUITO ADIANTADO",IF(J15<-6,"ADIANTADO",IF(J15<6,"EM DIAS",IF(J15<12,"ATRASADO","MUITO ATRASADO")))) -> EM DIAS | L15: 46164 | M15: =TODAY()-L15 -> 7 | N15: =IF(M15<8,"VERIFICADO",IF(M15<15,"VERIFICAR","VERIFICAR URGENTE")) -> VERIFICADO
A16: ALICE GOMES OLIVEIRA | B16: JOICE LOPES | C16: =L16 -> 46161 | D16: 45986 | E16: 46537 | F16: =(E16-D16)/7 -> 78.714286 | G16: =(TODAY()-D16)/7 -> 26.428571 | H16: 80 | I16: 25 | J16: =IFERROR(((G16*H16)/F16)-I16,"") -> 1.8602541 | K16: =IF(J16<-10,"MUITO ADIANTADO",IF(J16<-6,"ADIANTADO",IF(J16<6,"EM DIAS",IF(J16<12,"ATRASADO","MUITO ATRASADO")))) -> EM DIAS | L16: 46161 | M16: =TODAY()-L16 -> 10 | N16: =IF(M16<8,"VERIFICADO",IF(M16<15,"VERIFICAR","VERIFICAR URGENTE")) -> VERIFICAR
A17: ALICE NOVAIS BONFIM | B17: EDILEUSA CHAVES | C17: =L17 -> 46163 | D17: 45967 | E17: 46532 | F17: =(E17-D17)/7 -> 80.714286 | G17: =(TODAY()-D17)/7 -> 29.142857 | H17: 80 | I17: 30 | J17: =IFERROR(((G17*H17)/F17)-I17,"") -> -1.1150442 | K17: =IF(J17<-10,"MUITO ADIANTADO",IF(J17<-6,"ADIANTADO",IF(J17<6,"EM DIAS",IF(J17<12,"ATRASADO","MUITO ATRASADO")))) -> EM DIAS | L17: 46163 | M17: =TODAY()-L17 -> 8 | N17: =IF(M17<8,"VERIFICADO",IF(M17<15,"VERIFICAR","VERIFICAR URGENTE")) -> VERIFICAR
A18: ISABELLA ALVES SILVA OLIVEIRA | B18: EDILEUSA CHAVES | C18: =L18 -> 46161 | D18: 45853 | E18: 46419 | F18: =(E18-D18)/7 -> 80.857143 | G18: =(TODAY()-D18)/7 -> 45.428571 | H18: 80 | I18: 41 | J18: =IFERROR(((G18*H18)/F18)-I18,"") -> 3.9469965 | K18: =IF(J18<-10,"MUITO ADIANTADO",IF(J18<-6,"ADIANTADO",IF(J18<6,"EM DIAS",IF(J18<12,"ATRASADO","MUITO ATRASADO")))) -> EM DIAS | L18: 46161 | M18: =TODAY()-L18 -> 10 | N18: =IF(M18<8,"VERIFICADO",IF(M18<15,"VERIFICAR","VERIFICAR URGENTE")) -> VERIFICAR
A19: AMANDA NOLASCO BARROS | B19: JORGE SOUZA | C19: =L19 -> 46162 | D19: 45409 | E19: 46172 | F19: =(E19-D19)/7 -> 109 | G19: =(TODAY()-D19)/7 -> 108.85714 | H19: 128 | I19: 124 | J19: =IFERROR(((G19*H19)/F19)-I19,"") -> 3.8322412 | K19: =IF(J19<-10,"MUITO ADIANTADO",IF(J19<-6,"ADIANTADO",IF(J19<6,"EM DIAS",IF(J19<12,"ATRASADO","MUITO ATRASADO")))) -> EM DIAS | L19: 46162 | M19: =TODAY()-L19 -> 9 | N19: =IF(M19<8,"VERIFICADO",IF(M19<15,"VERIFICAR","VERIFICAR URGENTE")) -> VERIFICAR
A20: ALLISON ALVES PEREIRA DA SILVA | B20: EDMUNDO SANTOS | C20: =L20 -> 46158 | D20: 46123 | E20: 46485 | F20: =(E20-D20)/7 -> 51.714286 | G20: =(TODAY()-D20)/7 -> 6.8571429 | H20: 80 | I20: 9 | J20: =IFERROR(((G20*H20)/F20)-I20,"") -> 1.6077348 | K20: =IF(J20<-10,"MUITO ADIANTADO",IF(J20<-6,"ADIANTADO",IF(J20<6,"EM DIAS",IF(J20<12,"ATRASADO","MUITO ATRASADO")))) -> EM DIAS | L20: 46158 | M20: =TODAY()-L20 -> 13 | N20: =IF(M20<8,"VERIFICADO",IF(M20<15,"VERIFICAR","VERIFICAR URGENTE")) -> VERIFICAR
... A42: ANA LUIZA RIBEIRO DISCONZI | B42: EDMUNDO SANTOS | C42: =L42 -> 46158 | D42: 45951 | E42: 46423 | F42: =(E42-D42)/7 -> 67.428571 | G42: =(TODAY()-D42)/7 -> 31.428571 | H42: 64 | I42: 32 | J42: =IFERROR(((G42*H42)/F42)-I42,"") -> -2.1694915 | K42: =IF(J42<-10,"MUITO ADIANTADO",IF(J42<-6,"ADIANTADO",IF(J42<6,"EM DIAS",IF(J42<12,"ATRASADO","MUITO ATRASADO")))) -> EM DIAS | L42: 46158 | M42: =TODAY()-L42 -> 13 | N42: =IF(M42<8,"VERIFICADO",IF(M42<15,"VERIFICAR","VERIFICAR URGENTE")) -> VERIFICAR
A43: ANA RAFAELA DE ALMEIDA PENA | B43: JOICE LOPES | C43: =L43 -> 46161 | D43: 46119 | E43: 46246 | F43: =(E43-D43)/7 -> 18.142857 | G43: 0 | H43: 16 | I43: 6 | J43: =IFERROR(((G43*H43)/F43)-I43,"") -> -6 | K43: =IF(J43<-10,"MUITO ADIANTADO",IF(J43<-6,"ADIANTADO",IF(J43<6,"EM DIAS",IF(J43<12,"ATRASADO","MUITO ATRASADO")))) -> EM DIAS | L43: 46161 | M43: =TODAY()-L43 -> 10 | N43: =IF(M43<8,"VERIFICADO",IF(M43<15,"VERIFICAR","VERIFICAR URGENTE")) -> VERIFICAR
A44: ANA SOPHIA FERREIRA DE SOUZA | B44: EDILEUSA CHAVES | C44: =L44 -> 46163 | D44: 45882 | E44: 46598 | F44: =(E44-D44)/7 -> 102.28571 | G44: =(TODAY()-D44)/7 -> 41.285714 | H44: 112 | I44: 39 | J44: =IFERROR(((G44*H44)/F44)-I44,"") -> 6.2067039 | K44: =IF(J44<-10,"MUITO ADIANTADO",IF(J44<-6,"ADIANTADO",IF(J44<6,"EM DIAS",IF(J44<12,"ATRASADO","MUITO ATRASADO")))) -> ATRASADO | L44: 46163 | M44: =TODAY()-L44 -> 8 | N44: =IF(M44<8,"VERIFICADO",IF(M44<15,"VERIFICAR","VERIFICAR URGENTE")) -> VERIFICAR
A45: ANA SOPHIA RODRIGUES DE MIRANDA | B45: EDMUNDO SANTOS | C45: =L45 -> 46164 | D45: 46001 | E45: 46564 | F45: =(E45-D45)/7 -> 80.428571 | G45: =(TODAY()-D45)/7 -> 24.285714 | H45: 80 | I45: 13 | J45: =IFERROR(((G45*H45)/F45)-I45,"") -> 11.156306 | K45: =IF(J45<-10,"MUITO ADIANTADO",IF(J45<-6,"ADIANTADO",IF(J45<6,"EM DIAS",IF(J45<12,"ATRASADO","MUITO ATRASADO")))) -> ATRASADO | L45: 46164 | M45: =TODAY()-L45 -> 7 | N45: =IF(M45<8,"VERIFICADO",IF(M45<15,"VERIFICAR","VERIFICAR URGENTE")) -> VERIFICADO
A46: ANA VALÉRIA PEREIRA LIMA | B46: TANIA ANJOS | C46: =L46 -> 46177 | D46: 46135 | E46: 46524 | F46: =(E46-D46)/7 -> 55.571429 | G46: =(TODAY()-D46)/7 -> 5.1428571 | H46: 100 | I46: 5 | J46: =IFERROR(((G46*H46)/F46)-I46,"") -> 4.2544987 | K46: =IF(J46<-10,"MUITO ADIANTADO",IF(J46<-6,"ADIANTADO",IF(J46<6,"EM DIAS",IF(J46<12,"ATRASADO","MUITO ATRASADO")))) -> EM DIAS | L46: 46177 | M46: =TODAY()-L46 -> -6 | N46: =IF(M46<8,"VERIFICADO",IF(M46<15,"VERIFICAR","VERIFICAR URGENTE")) -> VERIFICADO
A47: ANA VICTORIA GOMES DE JESUS | B47: EDILEUSA CHAVES | C47: =L47 -> 46161 | D47: 46125 | E47: 47858 | F47: =(E47-D47)/7 -> 247.57143 | G47: =(TODAY()-D47)/7 -> 6.5714286 | H47: 240 | I47: 9 | J47: =IFERROR(((G47*H47)/F47)-I47,"") -> -2.6295441 | K47: =IF(J41<-10,"MUITO ADIANTADO",IF(J41<-6,"ADIANTADO",IF(J41<6,"EM DIAS",IF(J41<12,"ATRASADO","MUITO ATRASADO")))) -> EM DIAS | L47: 46161 | M47: =TODAY()-L47 -> 10 | N47: =IF(M47<8,"VERIFICADO",IF(M47<15,"VERIFICAR","VERIFICAR URGENTE")) -> VERIFICAR
A48: JÚLIO CESAR BROTA DOS SANTOS | B48: JORGE SOUZA | C48: =L48 -> 46162 | D48: 46113 | E48: 46315 | F48: =(E48-D48)/7 -> 28.857143 | G48: =(TODAY()-D48)/7 -> 8.2857143 | H48: 48 | I48: 6 | J48: =IFERROR(((G48*H48)/F48)-I48,"") -> 7.7821782 | K48: =IF(J48<-10,"MUITO ADIANTADO",IF(J48<-6,"ADIANTADO",IF(J48<6,"EM DIAS",IF(J48<12,"ATRASADO","MUITO ATRASADO")))) -> ATRASADO | L48: 46162 | M48: =TODAY()-L48 -> 9 | N48: =IF(M48<8,"VERIFICADO",IF(M48<15,"VERIFICAR","VERIFICAR URGENTE")) -> VERIFICAR
A49: ANDERSON SANTOS DOS REIS | B49: NUBIA CARVALHO | C49: =L49 -> 46162 | D49: 46111 | E49: 46770 | F49: =(E49-D49)/7 -> 94.142857 | G49: =(TODAY()-D49)/7 -> 8.5714286 | H49: 112 | I49: 2 | J49: =IFERROR(((G49*H49)/F49)-I49,"") -> 8.1972686 | K49: =IF(J49<-10,"MUITO ADIANTADO",IF(J49<-6,"ADIANTADO",IF(J49<6,"EM DIAS",IF(J49<12,"ATRASADO","MUITO ATRASADO")))) -> ATRASADO | L49: 46162 | M49: =TODAY()-L49 -> 9 | N49: =IF(M49<8,"VERIFICADO",IF(M49<15,"VERIFICAR","VERIFICAR URGENTE")) -> VERIFICAR
A50: ANDRE FARIA POSSA | B50: EDMUNDO SANTOS | C50: =L50 -> 46160 | D50: 46104 | E50: 46614 | F50: =(E50-D50)/7 -> 72.857143 | G50: =(TODAY()-D50)/7 -> 9.5714286 | H50: 48 | I50: 2 | J50: =IFERROR(((G50*H50)/F50)-I50,"") -> 4.3058824 | K50: =IF(J50<-10,"MUITO ADIANTADO",IF(J50<-6,"ADIANTADO",IF(J50<6,"EM DIAS",IF(J50<12,"ATRASADO","MUITO ATRASADO")))) -> EM DIAS | L50: 46160 | M50: =TODAY()-L50 -> 11 | N50: =IF(M50<8,"VERIFICADO",IF(M50<15,"VERIFICAR","VERIFICAR URGENTE")) -> VERIFICAR
A51: GUILHERME BARBOSA DOS SANTOS | B51: JORGE SOUZA | C51: =L51 -> 46162 | D51: 45536 | E51: 46290 | F51: =(E51-D51)/7 -> 107.71429 | G51: =(TODAY()-D51)/7 -> 90.714286 | H51: 112 | I51: 88 | J51: =IFERROR(((G51*H51)/F51)-I51,"") -> 6.3236074 | K51: =IF(J51<-10,"MUITO ADIANTADO",IF(J51<-6,"ADIANTADO",IF(J51<6,"EM DIAS",IF(J51<12,"ATRASADO","MUITO ATRASADO")))) -> ATRASADO | L51: 46162 | M51: =TODAY()-L51 -> 9 | N51: =IF(M51<8,"VERIFICADO",IF(M51<15,"VERIFICAR","VERIFICAR URGENTE")) -> VERIFICAR
A52: ANIELLI ALVES SANTOS | B52: EDILEUSA CHAVES | C52: =L52 -> 46161 | D52: 46147 | E52: 47413 | F52: =(E52-D52)/7 -> 180.85714 | G52: =(TODAY()-D52)/7 -> 3.4285714 | H52: 160 | I52: 4 | J52: =IFERROR(((G52*H52)/F52)-I52,"") -> -0.96682464 | K52: =IF(J52<-10,"MUITO ADIANTADO",IF(J52<-6,"ADIANTADO",IF(J52<6,"EM DIAS",IF(J52<12,"ATRASADO","MUITO ATRASADO")))) -> EM DIAS | L52: 46161 | M52: =TODAY()-L52 -> 10 | N52: =IF(M52<8,"VERIFICADO",IF(M52<15,"VERIFICAR","VERIFICAR URGENTE")) -> VERIFICAR
A53: ANNA JULIA DA SILVA MAGALHÃES | B53: EDILEUSA CHAVES | C53: =L53 -> 46161 | D53: 45755 | E53: 47519 | F53: =(E53-D53)/7 -> 252 | G53: =(TODAY()-D53)/7 -> 59.428571 | H53: 272 | I53: 76 | J53: =IFERROR(((G53*H53)/F53)-I53,"") -> -11.854875 | K53: =IF(J53<-10,"MUITO ADIANTADO",IF(J53<-6,"ADIANTADO",IF(J53<6,"EM DIAS",IF(J53<12,"ATRASADO","MUITO ATRASADO")))) -> MUITO ADIANTADO | L53: 46161 | M53: =TODAY()-L53 -> 10 | N53: =IF(M53<8,"VERIFICADO",IF(M53<15,"VERIFICAR","VERIFICAR URGENTE")) -> VERIFICAR
A54: LAINNA DA SILVA DE JESUS | B54: EDMUNDO SANTOS | C54: =L54 -> 46161 | D54: 45696 | E54: 46933 | F54: =(E54-D54)/7 -> 176.71429 | G54: =(TODAY()-D54)/7 -> 67.857143 | H54: 160 | I54: 58 | J54: =IFERROR(((G54*H54)/F54)-I54,"") -> 3.4389652 | K54: =IF(J54<-10,"MUITO ADIANTADO",IF(J54<-6,"ADIANTADO",IF(J54<6,"EM DIAS",IF(J54<12,"ATRASADO","MUITO ATRASADO")))) -> EM DIAS | L54: 46161 | M54: =TODAY()-L54 -> 10 | N54: =IF(M54<8,"VERIFICADO",IF(M54<15,"VERIFICAR","VERIFICAR URGENTE")) -> VERIFICAR
A55: ANTÔNIO VILTON DE SOUZA | B55: JOICE LOPES | C55: =L55 -> 46162 | D55: 45623 | E55: 46863 | F55: =(E55-D55)/7 -> 177.14286 | G55: =(TODAY()-D55)/7 -> 78.285714 | H55: 160 | I55: 78 | J55: =IFERROR(((G55*H55)/F55)-I55,"") -> -7.2903226 | K55: =IF(J55<-10,"MUITO ADIANTADO",IF(J55<-6,"ADIANTADO",IF(J55<6,"EM DIAS",IF(J55<12,"ATRASADO","MUITO ATRASADO")))) -> ADIANTADO | L55: 46162 | M55: =TODAY()-L55 -> 9 | N55: =IF(M55<8,"VERIFICADO",IF(M55<15,"VERIFICAR","VERIFICAR URGENTE")) -> VERIFICAR
A56: ARTHUR CARVALHO GONÇALVES | B56: EDILEUSA CHAVES | C56: =L56 -> 46162 | D56: 46043 | E56: 46747 | F56: =(E56-D56)/7 -> 100.57143 | G56: =(TODAY()-D56)/7 -> 18.285714 | H56: 112 | I56: 21 | J56: =IFERROR(((G56*H56)/F56)-I56,"") -> -0.63636364 | K56: =IF(J56<-10,"MUITO ADIANTADO",IF(J56<-6,"ADIANTADO",IF(J56<6,"EM DIAS",IF(J56<12,"ATRASADO","MUITO ATRASADO")))) -> EM DIAS | L56: 46162 | M56: =TODAY()-L56 -> 9 | N56: =IF(M56<8,"VERIFICADO",IF(M56<15,"VERIFICAR","VERIFICAR URGENTE")) -> VERIFICAR
A57: LAISLA ALICE JESUS DE OLIVEIRA | B57: EDILEUSA CHAVES | C57: =L57 -> 46161 | D57: 45664 | E57: 46218 | F57: =(E57-D57)/7 -> 79.142857 | G57: =(TODAY()-D57)/7 -> 72.428571 | H57: 92 | I57: 81 | J57: =IFERROR(((G57*H57)/F57)-I57,"") -> 3.1949458 | K57: =IF(J57<-10,"MUITO ADIANTADO",IF(J57<-6,"ADIANTADO",IF(J57<6,"EM DIAS",IF(J57<12,"ATRASADO","MUITO ATRASADO")))) -> EM DIAS | L57: 46161 | M57: =TODAY()-L57 -> 10 | N57: =IF(M57<8,"VERIFICADO",IF(M57<15,"VERIFICAR","VERIFICAR URGENTE")) -> VERIFICAR
A58: ARTHUR RONALDO MARTINS MIRANDA | B58: EDMUNDO SANTOS | C58: =L58 -> 46163 | D58: 45733 | E58: 46325 | F58: =(E58-D58)/7 -> 84.571429 | G58: =(TODAY()-D58)/7 -> 62.571429 | H58: 80 | I58: 53 | J58: =IFERROR(((G58*H58)/F58)-I58,"") -> 6.1891892 | K58: =IF(J58<-10,"MUITO ADIANTADO",IF(J58<-6,"ADIANTADO",IF(J58<6,"EM DIAS",IF(J58<12,"ATRASADO","MUITO ATRASADO")))) -> ATRASADO | L58: 46163 | M58: =TODAY()-L58 -> 8 | N58: =IF(M58<8,"VERIFICADO",IF(M58<15,"VERIFICAR","VERIFICAR URGENTE")) -> VERIFICAR
A59: AYSHALA EMANUELE DA SILVA SANTOS | B59: EDILEUSA CHAVES | C59: =L59 -> 46161 | D59: 46140 | E59: 46676 | F59: =(E59-D59)/7 -> 76.571429 | G59: =(TODAY()-D59)/7 -> 4.4285714 | H59: 80 | I59: 5 | J59: =IFERROR(((G59*H59)/F59)-I59,"") -> -0.37313433 | K59: =IF(J59<-10,"MUITO ADIANTADO",IF(J59<-6,"ADIANTADO",IF(J59<6,"EM DIAS",IF(J59<12,"ATRASADO","MUITO ATRASADO")))) -> EM DIAS | L59: 46161 | M59: =TODAY()-L59 -> 10 | N59: =IF(M59<8,"VERIFICADO",IF(M59<15,"VERIFICAR","VERIFICAR URGENTE")) -> VERIFICAR
... A108: DHEISON NASCIMENTO DE OLIVEIRA | B108: EDMUNDO SANTOS | C108: =L108 -> 46162 | D108: 45931 | E108: 46478 | F108: =(E108-D108)/7 -> 78.142857 | G108: =(TODAY()-D108)/7 -> 34.285714 | H108: 80 | I108: 37 | J108: =IFERROR(((G108*H108)/F108)-I108,"") -> -1.8994516 | K108: =IF(J108<-10,"MUITO ADIANTADO",IF(J108<-6,"ADIANTADO",IF(J108<6,"EM DIAS",IF(J108<12,"ATRASADO","MUITO ATRASADO")))) -> EM DIAS | L108: 46162 | M108: =TODAY()-L108 -> 9 | N108: =IF(M108<8,"VERIFICADO",IF(M108<15,"VERIFICAR","VERIFICAR URGENTE")) -> VERIFICAR
A109: DHENEFY HELOISE DOS SANTOS GOMES | B109: EDMUNDO SANTOS | C109: =L109 -> 46158 | D109: 46135 | E109: 46798 | F109: =(E109-D109)/7 -> 94.714286 | G109: 0 | H109: 96 | I109: 4 | J109: =IFERROR(((G109*H109)/F109)-I109,"") -> -4 | K109: =IF(J109<-10,"MUITO ADIANTADO",IF(J109<-6,"ADIANTADO",IF(J109<6,"EM DIAS",IF(J109<12,"ATRASADO","MUITO ATRASADO")))) -> EM DIAS | L109: 46158 | M109: =TODAY()-L109 -> 13 | N109: =IF(M109<8,"VERIFICADO",IF(M109<15,"VERIFICAR","VERIFICAR URGENTE")) -> VERIFICAR
A110: KEMILY LAIS NOGUEIRA DA SILVA | B110: JORGE SOUZA | C110: =L110 -> 46163 | D110: 45178 | E110: 46244 | F110: =(E110-D110)/7 -> 152.28571 | G110: =(TODAY()-D110)/7 -> 141.85714 | H110: 176 | I110: 147 | J110: =IFERROR(((G110*H110)/F110)-I110,"") -> 16.947467 | K110: =IF(J110<-10,"MUITO ADIANTADO",IF(J110<-6,"ADIANTADO",IF(J110<6,"EM DIAS",IF(J110<12,"ATRASADO","MUITO ATRASADO")))) -> MUITO ATRASADO | L110: 46163 | M110: =TODAY()-L110 -> 8 | N110: =IF(M110<8,"VERIFICADO",IF(M110<15,"VERIFICAR","VERIFICAR URGENTE")) -> VERIFICAR
A111: IVAN PEDRO RODRIGUES DE SOUZA | B111: JORGE SOUZA | C111: =L111 -> 46163 | D111: 45411 | E111: 46172 | F111: =(E111-D111)/7 -> 108.71429 | G111: =(TODAY()-D111)/7 -> 108.57143 | H111: 116 | I111: 96 | J111: =IFERROR(((G111*H111)/F111)-I111,"") -> 19.847569 | K111: =IF(J111<-10,"MUITO ADIANTADO",IF(J111<-6,"ADIANTADO",IF(J111<6,"EM DIAS",IF(J111<12,"ATRASADO","MUITO ATRASADO")))) -> MUITO ATRASADO | L111: 46163 | M111: =TODAY()-L111 -> 8 | N111: =IF(M111<8,"VERIFICADO",IF(M111<15,"VERIFICAR","VERIFICAR URGENTE")) -> VERIFICAR
A112: GEOVANA SANTOS COSTA | B112: JORGE SOUZA | C112: =L112 -> 46163 | D112: 45732 | E112: 47608 | F112: =(E112-D112)/7 -> 268 | G112: =(TODAY()-D112)/7 -> 62.714286 | H112: 272 | I112: 44 | J112: =IFERROR(((G112*H112)/F112)-I112,"") -> 19.65032 | K112: =IF(J112<-10,"MUITO ADIANTADO",IF(J112<-6,"ADIANTADO",IF(J112<6,"EM DIAS",IF(J112<12,"ATRASADO","MUITO ATRASADO")))) -> MUITO ATRASADO | L112: 46163 | M112: =TODAY()-L112 -> 8 | N112: =IF(M112<8,"VERIFICADO",IF(M112<15,"VERIFICAR","VERIFICAR URGENTE")) -> VERIFICAR
A113: DOUGLAS DE PAULA VIANA | B113: EDMUNDO SANTOS | C113: =L113 -> 46164 | D113: 45801 | E113: 46356 | F113: =(E113-D113)/7 -> 79.285714 | G113: =(TODAY()-D113)/7 -> 52.857143 | H113: 80 | I113: 41 | J113: =IFERROR(((G113*H113)/F113)-I113,"") -> 12.333333 | K113: =IF(J113<-10,"MUITO ADIANTADO",IF(J113<-6,"ADIANTADO",IF(J113<6,"EM DIAS",IF(J113<12,"ATRASADO","MUITO ATRASADO")))) -> MUITO ATRASADO | L113: 46164 | M113: =TODAY()-L113 -> 7 | N113: =IF(M113<8,"VERIFICADO",IF(M113<15,"VERIFICAR","VERIFICAR URGENTE")) -> VERIFICADO
A114: EDILENE ROMA SANTOS | B114: JOICE LOPES | C114: =L114 -> 46160 | D114: 46090 | E114: 46475 | F114: =(E114-D114)/7 -> 55 | G114: =(TODAY()-D114)/7 -> 11.571429 | H114: 96 | I114: 23 | J114: =IFERROR(((G114*H114)/F114)-I114,"") -> -2.8025974 | K114: =IF(J114<-10,"MUITO ADIANTADO",IF(J114<-6,"ADIANTADO",IF(J114<6,"EM DIAS",IF(J114<12,"ATRASADO","MUITO ATRASADO")))) -> EM DIAS | L114: 46160 | M114: =TODAY()-L114 -> 11 | N114: =IF(M114<8,"VERIFICADO",IF(M114<15,"VERIFICAR","VERIFICAR URGENTE")) -> VERIFICAR
A115: GELBER DE JESUS PEREIRA | B115: JORGE SOUZA | C115: =L115 -> 46163 | D115: 45535 | E115: 46203 | F115: =(E115-D115)/7 -> 95.428571 | G115: =(TODAY()-D115)/7 -> 90.857143 | H115: 177 | I115: 145 | J115: =IFERROR(((G115*H115)/F115)-I115,"") -> 23.520958 | K115: =IF(J115<-10,"MUITO ADIANTADO",IF(J115<-6,"ADIANTADO",IF(J115<6,"EM DIAS",IF(J115<12,"ATRASADO","MUITO ATRASADO")))) -> MUITO ATRASADO | L115: 46163 | M115: =TODAY()-L115 -> 8 | N115: =IF(M115<8,"VERIFICADO",IF(M115<15,"VERIFICAR","VERIFICAR URGENTE")) -> VERIFICAR
A116: YASMIN CUNHA DE JESUS | B116: JORGE SOUZA | C116: =L116 -> 46163 | D116: 45601 | E116: 46147 | F116: =(E116-D116)/7 -> 78 | G116: =(TODAY()-D116)/7 -> 81.428571 | H116: 80 | I116: 58 | J116: =IFERROR(((G116*H116)/F116)-I116,"") -> 25.516484 | K116: =IF(J116<-10,"MUITO ADIANTADO",IF(J116<-6,"ADIANTADO",IF(J116<6,"EM DIAS",IF(J116<12,"ATRASADO","MUITO ATRASADO")))) -> MUITO ATRASADO | L116: 46163 | M116: =TODAY()-L116 -> 8 | N116: =IF(M116<8,"VERIFICADO",IF(M116<15,"VERIFICAR","VERIFICAR URGENTE")) -> VERIFICAR
A117: EDUARDA VITÓRIA SOARES DA SILVA | B117: JOICE LOPES | C117: =L117 -> 46162 | D117: 45959 | E117: 46863 | F117: =(E117-D117)/7 -> 129.14286 | G117: =(TODAY()-D117)/7 -> 30.285714 | H117: 128 | I117: 18 | J117: =IFERROR(((G117*H117)/F117)-I117,"") -> 12.017699 | K117: =IF(J117<-10,"MUITO ADIANTADO",IF(J117<-6,"ADIANTADO",IF(J117<6,"EM DIAS",IF(J117<12,"ATRASADO","MUITO ATRASADO")))) -> MUITO ATRASADO | L117: 46162 | M117: =TODAY()-L117 -> 9 | N117: =IF(M117<8,"VERIFICADO",IF(M117<15,"VERIFICAR","VERIFICAR URGENTE")) -> VERIFICAR
A118: DEIVIDE GUSTAVO FONSECA REIS | B118: EDILEUSA CHAVES | C118: =L126 -> 46163 | D118: 45892 | E118: 46558 | F118: =(E118-D118)/7 -> 95.142857 | G118: =(TODAY()-D118)/7 -> 39.857143 | H118: 112 | I118: 34 | J118: =IFERROR(((G118*H118)/F118)-I118,"") -> 12.918919 | K118: =IF(J118<-10,"MUITO ADIANTADO",IF(J118<-6,"ADIANTADO",IF(J118<6,"EM DIAS",IF(J118<12,"ATRASADO","MUITO ATRASADO")))) -> MUITO ATRASADO | L118: 46163 | M118: =TODAY()-L118 -> 8 | N118: =IF(M118<8,"VERIFICADO",IF(M118<15,"VERIFICAR","VERIFICAR URGENTE")) -> VERIFICAR
A119: EDUARDO PINHEIRO CARDOSO | B119: JOICE LOPES | C119: =L119 -> 46160 | D119: 45922 | E119: 46815 | F119: =(E119-D119)/7 -> 127.57143 | G119: =(TODAY()-D119)/7 -> 35.571429 | H119: 128 | I119: 34 | J119: =IFERROR(((G119*H119)/F119)-I119,"") -> 1.6909295 | K119: =IF(J119<-10,"MUITO ADIANTADO",IF(J119<-6,"ADIANTADO",IF(J119<6,"EM DIAS",IF(J119<12,"ATRASADO","MUITO ATRASADO")))) -> EM DIAS | L119: 46160 | M119: =TODAY()-L119 -> 11 | N119: =IF(M119<8,"VERIFICADO",IF(M119<15,"VERIFICAR","VERIFICAR URGENTE")) -> VERIFICAR
A120: ELIANA CAVALCANTE DIAS | B120: JOICE LOPES | C120: =L120 -> 46162 | D120: 46085 | E120: 46508 | F120: =(E120-D120)/7 -> 60.428571 | G120: =(TODAY()-D120)/7 -> 12.285714 | H120: 64 | I120: 18 | J120: =IFERROR(((G120*H120)/F120)-I120,"") -> -4.9881797 | K120: =IF(J120<-10,"MUITO ADIANTADO",IF(J120<-6,"ADIANTADO",IF(J120<6,"EM DIAS",IF(J120<12,"ATRASADO","MUITO ATRASADO")))) -> EM DIAS | L120: 46162 | M120: =TODAY()-L120 -> 9 | N120: =IF(M120<8,"VERIFICADO",IF(M120<15,"VERIFICAR","VERIFICAR URGENTE")) -> VERIFICAR
A121: ELIANE DE JESUS NASCIMENTO | B121: NUBIA CARVALHO | C121: =L121 -> 46162 | D121: 45969 | E121: 46442 | F121: =(E121-D121)/7 -> 67.571429 | G121: =(TODAY()-D121)/7 -> 28.857143 | H121: 64 | I121: 16 | J121: =IFERROR(((G121*H121)/F121)-I121,"") -> 11.331924 | K121: =IF(J121<-10,"MUITO ADIANTADO",IF(J121<-6,"ADIANTADO",IF(J121<6,"EM DIAS",IF(J121<12,"ATRASADO","MUITO ATRASADO")))) -> ATRASADO | L121: 46162 | M121: =TODAY()-L121 -> 9 | N121: =IF(M121<8,"VERIFICADO",IF(M121<15,"VERIFICAR","VERIFICAR URGENTE")) -> VERIFICAR
A122: ELISÂNGELA DE SOUZA LOPES | B122: JOICE LOPES | C122: =L122 -> 46161 | D122: 45923 | E122: 46588 | F122: =(E122-D122)/7 -> 95 | G122: =(TODAY()-D122)/7 -> 35.428571 | H122: 96 | I122: 42 | J122: =IFERROR(((G122*H122)/F122)-I122,"") -> -6.1984962 | K122: =IF(J122<-10,"MUITO ADIANTADO",IF(J122<-6,"ADIANTADO",IF(J122<6,"EM DIAS",IF(J122<12,"ATRASADO","MUITO ATRASADO")))) -> ADIANTADO | L122: 46161 | M122: =TODAY()-L122 -> 10 | N122: =IF(M122<8,"VERIFICADO",IF(M122<15,"VERIFICAR","VERIFICAR URGENTE")) -> VERIFICAR
A123: HADASSA DOS SANTOS DE BRITO | B123: EDILEUSA CHAVES | C123: =L123 -> 46163 | D123: 45673 | E123: 46219 | F123: =(E123-D123)/7 -> 78 | G123: =(TODAY()-D123)/7 -> 71.142857 | H123: 80 | I123: 65 | J123: =IFERROR(((G123*H123)/F123)-I123,"") -> 7.967033 | K123: =IF(J123<-10,"MUITO ADIANTADO",IF(J123<-6,"ADIANTADO",IF(J123<6,"EM DIAS",IF(J123<12,"ATRASADO","MUITO ATRASADO")))) -> ATRASADO | L123: 46163 | M123: =TODAY()-L123 -> 8 | N123: =IF(M123<8,"VERIFICADO",IF(M123<15,"VERIFICAR","VERIFICAR URGENTE")) -> VERIFICAR
A124: ELIZA SANTANA DIAS | B124: TANIA ANJOS | C124: =L124 -> 46170 | D124: 46149 | E124: 47886 | F124: =(E124-D124)/7 -> 248.14286 | G124: =(TODAY()-D124)/7 -> 3.1428571 | H124: 200 | I124: 0 | J124: =IFERROR(((G124*H124)/F124)-I124,"") -> 2.5331031 | K124: =IF(J124<-10,"MUITO ADIANTADO",IF(J124<-6,"ADIANTADO",IF(J124<6,"EM DIAS",IF(J124<12,"ATRASADO","MUITO ATRASADO")))) -> EM DIAS | L124: 46170 | M124: =TODAY()-L124 -> 1 | N124: =IF(M124<8,"VERIFICADO",IF(M124<15,"VERIFICAR","VERIFICAR URGENTE")) -> VERIFICADO
A125: ELLEN CHRISTIE MACHADO DE ARAÚJO | B125: EDILEUSA CHAVES | C125: =L125 -> 46162 | D125: 45943 | E125: 46762 | F125: =(E125-D125)/7 -> 117 | G125: =(TODAY()-D125)/7 -> 32.571429 | H125: 112 | I125: 40 | J125: =IFERROR(((G125*H125)/F125)-I125,"") -> -8.8205128 | K125: =IF(J125<-10,"MUITO ADIANTADO",IF(J125<-6,"ADIANTADO",IF(J125<6,"EM DIAS",IF(J125<12,"ATRASADO","MUITO ATRASADO")))) -> ADIANTADO | L125: 46162 | M125: =TODAY()-L125 -> 9 | N125: =IF(M125<8,"VERIFICADO",IF(M125<15,"VERIFICAR","VERIFICAR URGENTE")) -> VERIFICAR
A126: ELOAH DE JESUS OLIVEIRA | B126: EDMUNDO SANTOS | C126: quinta-feira | D126: 45806 | E126: 47058 | F126: =(E126-D126)/7 -> 178.85714 | G126: =(TODAY()-D126)/7 -> 52.142857 | H126: 192 | I126: 63 | J126: =IFERROR(((G126*H126)/F126)-I126,"") -> -7.0255591 | K126: =IF(J126<-10,"MUITO ADIANTADO",IF(J126<-6,"ADIANTADO",IF(J126<6,"EM DIAS",IF(J126<12,"ATRASADO","MUITO ATRASADO")))) -> ADIANTADO | L126: 46163 | M126: =TODAY()-L126 -> 8 | N126: =IF(M126<8,"VERIFICADO",IF(M126<15,"VERIFICAR","VERIFICAR URGENTE")) -> VERIFICAR
A127: EMANOELLY RIBEIRO DUTRA | B127: EDILEUSA CHAVES | C127: =L127 -> 46160 | D127: 45896 | E127: 46447 | F127: =(E127-D127)/7 -> 78.714286 | G127: =(TODAY()-D127)/7 -> 39.285714 | H127: 80 | I127: 37 | J127: =IFERROR(((G127*H127)/F127)-I127,"") -> 2.9274047 | K127: =IF(J127<-10,"MUITO ADIANTADO",IF(J127<-6,"ADIANTADO",IF(J127<6,"EM DIAS",IF(J127<12,"ATRASADO","MUITO ATRASADO")))) -> EM DIAS | L127: 46160 | M127: =TODAY()-L127 -> 11 | N127: =IF(M127<8,"VERIFICADO",IF(M127<15,"VERIFICAR","VERIFICAR URGENTE")) -> VERIFICAR
A128: EMANUELA OLIVEIRA DE SOUZA | B128: TANIA ANJOS | C128: =L128 -> 46176 | D128: 46102 | E128: 46517 | F128: =(E128-D128)/7 -> 59.285714 | G128: =(TODAY()-D128)/7 -> 9.8571429 | H128: 80 | I128: 5 | J128: =IFERROR(((G128*H128)/F128)-I128,"") -> 8.3012048 | K128: =IF(J128<-10,"MUITO ADIANTADO",IF(J128<-6,"ADIANTADO",IF(J128<6,"EM DIAS",IF(J128<12,"ATRASADO","MUITO ATRASADO")))) -> ATRASADO | L128: 46176 | M128: =TODAY()-L128 -> -5 | N128: =IF(M128<8,"VERIFICADO",IF(M128<15,"VERIFICAR","VERIFICAR URGENTE")) -> VERIFICADO
A129: HELOIZA BORGES DA SILVA | B129: EDILEUSA CHAVES | C129: =L129 -> 46163 | D129: 45750 | E129: 46298 | F129: =(E129-D129)/7 -> 78.285714 | G129: =(TODAY()-D129)/7 -> 60.142857 | H129: 80 | I129: 51 | J129: =IFERROR(((G129*H129)/F129)-I129,"") -> 10.459854 | K129: =IF(J129<-10,"MUITO ADIANTADO",IF(J129<-6,"ADIANTADO",IF(J129<6,"EM DIAS",IF(J129<12,"ATRASADO","MUITO ATRASADO")))) -> ATRASADO | L129: 46163 | M129: =TODAY()-L129 -> 8 | N129: =IF(M129<8,"VERIFICADO",IF(M129<15,"VERIFICAR","VERIFICAR URGENTE")) -> VERIFICAR
A130: IZABELLA BARBOSA SOARES | B130: EDILEUSA CHAVES | C130: =L130 -> 46163 | D130: 45602 | E130: 47261 | F130: =(E130-D130)/7 -> 237 | G130: =(TODAY()-D130)/7 -> 81.285714 | H130: 224 | I130: 59 | J130: =IFERROR(((G130*H130)/F130)-I130,"") -> 17.827004 | K130: =IF(J130<-10,"MUITO ADIANTADO",IF(J130<-6,"ADIANTADO",IF(J130<6,"EM DIAS",IF(J130<12,"ATRASADO","MUITO ATRASADO")))) -> MUITO ATRASADO | L130: 46163 | M130: =TODAY()-L130 -> 8 | N130: =IF(M130<8,"VERIFICADO",IF(M130<15,"VERIFICAR","VERIFICAR URGENTE")) -> VERIFICAR
A131: EMILLY BARBOSA DA SILVA | B131: EDMUNDO SANTOS | C131: =L131 -> 46162 | D131: 45727 | E131: 46295 | F131: =(E131-D131)/7 -> 81.142857 | G131: =(TODAY()-D131)/7 -> 63.428571 | H131: 112 | I131: 85 | J131: =IFERROR(((G131*H131)/F131)-I131,"") -> 2.5492958 | K131: =IF(J131<-10,"MUITO ADIANTADO",IF(J131<-6,"ADIANTADO",IF(J131<6,"EM DIAS",IF(J131<12,"ATRASADO","MUITO ATRASADO")))) -> EM DIAS | L131: 46162 | M131: =TODAY()-L131 -> 9 | N131: =IF(M131<8,"VERIFICADO",IF(M131<15,"VERIFICAR","VERIFICAR URGENTE")) -> VERIFICAR
A132: LUAMAR ALEXANDRINA DE JESUS DE CERQUEIRA | B132: JORGE SOUZA | C132: =L132 -> 46158 | D132: 45974 | E132: 47220 | F132: =(E132-D132)/7 -> 178 | G132: =(TODAY()-D132)/7 -> 28.142857 | H132: 176 | I132: 37 | J132: =IFERROR(((G132*H132)/F132)-I132,"") -> -9.1733547 | K132: =IF(J132<-10,"MUITO ADIANTADO",IF(J132<-6,"ADIANTADO",IF(J132<6,"EM DIAS",IF(J132<12,"ATRASADO","MUITO ATRASADO")))) -> ADIANTADO | L132: 46158 | M132: =TODAY()-L132 -> 13 | N132: =IF(M132<8,"VERIFICADO",IF(M132<15,"VERIFICAR","VERIFICAR URGENTE")) -> VERIFICAR
A133: JOÃO PEDRO NASCIMENTO NOVAIS | B133: EDILEUSA CHAVES | C133: =L133 -> 46163 | D133: 45757 | E133: 46331 | F133: =(E133-D133)/7 -> 82 | G133: =(TODAY()-D133)/7 -> 59.142857 | H133: 80 | I133: 56 | J133: =IFERROR(((G133*H133)/F133)-I133,"") -> 1.7003484 | K133: =IF(J133<-10,"MUITO ADIANTADO",IF(J133<-6,"ADIANTADO",IF(J133<6,"EM DIAS",IF(J133<12,"ATRASADO","MUITO ATRASADO")))) -> EM DIAS | L133: 46163 | M133: =TODAY()-L133 -> 8 | N133: =IF(M133<8,"VERIFICADO",IF(M133<15,"VERIFICAR","VERIFICAR URGENTE")) -> VERIFICAR
A134: EMILY RODRIGUES DE FARIAS SANTOS | B134: EDMUNDO SANTOS | C134: =L134 -> 46158 | D134: 45808 | E134: 46351 | F134: =(E134-D134)/7 -> 77.571429 | G134: =(TODAY()-D134)/7 -> 51.857143 | H134: 80 | I134: 54 | J134: =IFERROR(((G134*H134)/F134)-I134,"") -> -0.51933702 | K134: =IF(J134<-10,"MUITO ADIANTADO",IF(J134<-6,"ADIANTADO",IF(J134<6,"EM DIAS",IF(J134<12,"ATRASADO","MUITO ATRASADO")))) -> EM DIAS | L134: 46158 | M134: =TODAY()-L134 -> 13 | N134: =IF(M134<8,"VERIFICADO",IF(M134<15,"VERIFICAR","VERIFICAR URGENTE")) -> VERIFICAR
A135: MARINA PEREIRA ROCHA | B135: EDILEUSA CHAVES | C135: =L135 -> 46163 | D135: 46009 | E135: 47406 | F135: =(E135-D135)/7 -> 199.57143 | G135: =(TODAY()-D135)/7 -> 23.142857 | H135: 192 | I135: 27 | J135: =IFERROR(((G135*H135)/F135)-I135,"") -> -4.7351467 | K135: =IF(J135<-10,"MUITO ADIANTADO",IF(J135<-6,"ADIANTADO",IF(J135<6,"EM DIAS",IF(J135<12,"ATRASADO","MUITO ATRASADO")))) -> EM DIAS | L135: 46163 | M135: =TODAY()-L135 -> 8 | N135: =IF(M135<8,"VERIFICADO",IF(M135<15,"VERIFICAR","VERIFICAR URGENTE")) -> VERIFICAR
A136: EMYLLE SOPHIA CASTRO SANTOS | B136: EDMUNDO SANTOS | C136: =L136 -> 46158 | D136: 45812 | E136: 47572 | F136: =(E136-D136)/7 -> 251.42857 | G136: =(TODAY()-D136)/7 -> 51.285714 | H136: 272 | I136: 45 | J136: =IFERROR(((G136*H136)/F136)-I136,"") -> 10.481818 | K136: =IF(J136<-10,"MUITO ADIANTADO",IF(J136<-6,"ADIANTADO",IF(J136<6,"EM DIAS",IF(J136<12,"ATRASADO","MUITO ATRASADO")))) -> ATRASADO | L136: 46158 | M136: =TODAY()-L136 -> 13 | N136: =IF(M136<8,"VERIFICADO",IF(M136<15,"VERIFICAR","VERIFICAR URGENTE")) -> VERIFICAR
A137: GREGORY EMANUEL CAMPOS DA SILVA | B137: JORGE SOUZA | C137: =L137 -> 46158 | D137: 46088 | E137: 46553 | F137: =(E137-D137)/7 -> 66.428571 | G137: =(TODAY()-D137)/7 -> 11.857143 | H137: 112 | I137: 25 | J137: =IFERROR(((G137*H137)/F137)-I137,"") -> -5.0086022 | K137: =IF(J137<-10,"MUITO ADIANTADO",IF(J137<-6,"ADIANTADO",IF(J137<6,"EM DIAS",IF(J137<12,"ATRASADO","MUITO ATRASADO")))) -> EM DIAS | L137: 46158 | M137: =TODAY()-L137 -> 13 | N137: =IF(M137<8,"VERIFICADO",IF(M137<15,"VERIFICAR","VERIFICAR URGENTE")) -> VERIFICAR
A138: ERIKA FERREIRA LOPES | B138: JOICE LOPES | C138: =L138 -> 46162 | D138: 46009 | E138: 46388 | F138: =(E138-D138)/7 -> 54.142857 | G138: =(TODAY()-D138)/7 -> 23.142857 | H138: 48 | I138: 7 | J138: =IFERROR(((G138*H138)/F138)-I138,"") -> 13.51715 | K138: =IF(J138<-10,"MUITO ADIANTADO",IF(J138<-6,"ADIANTADO",IF(J138<6,"EM DIAS",IF(J138<12,"ATRASADO","MUITO ATRASADO")))) -> MUITO ATRASADO | L138: 46162 | M138: =TODAY()-L138 -> 9 | N138: =IF(M138<8,"VERIFICADO",IF(M138<15,"VERIFICAR","VERIFICAR URGENTE")) -> VERIFICAR
... A148: CÉLIO DOS SANTOS JASKUSLKI | B148: JORGE SOUZA | C148: =L148 -> 46158 | D148: 45674 | E148: 46402 | F148: =(E148-D148)/7 -> 104 | G148: =(TODAY()-D148)/7 -> 71 | H148: 80 | I148: 58 | J148: =IFERROR(((G148*H148)/F148)-I148,"") -> -3.3846154 | K148: =IF(J148<-10,"MUITO ADIANTADO",IF(J148<-6,"ADIANTADO",IF(J148<6,"EM DIAS",IF(J148<12,"ATRASADO","MUITO ATRASADO")))) -> EM DIAS | L148: 46158 | M148: =TODAY()-L148 -> 13 | N148: =IF(M148<8,"VERIFICADO",IF(M148<15,"VERIFICAR","VERIFICAR URGENTE")) -> VERIFICAR
A149: FLÁVIA ALESSANDRA SILVA FERNANDES | B149: EDMUNDO SANTOS | C149: =L149 -> 46160 | D149: 46118 | E149: 46798 | F149: =(E149-D149)/7 -> 97.142857 | G149: 0 | H149: 112 | I149: 4 | J149: =IFERROR(((G149*H149)/F149)-I149,"") -> -4 | K149: =IF(J149<-10,"MUITO ADIANTADO",IF(J149<-6,"ADIANTADO",IF(J149<6,"EM DIAS",IF(J149<12,"ATRASADO","MUITO ATRASADO")))) -> EM DIAS | L149: 46160 | M149: =TODAY()-L149 -> 11 | N149: =IF(M149<8,"VERIFICADO",IF(M149<15,"VERIFICAR","VERIFICAR URGENTE")) -> VERIFICAR
A150: MAYSA EVELEN DOS SANTOS DE OLIVEIRA | B150: EDILEUSA CHAVES | C150: =L150 -> 46163 | D150: 45571 | E150: 46236 | F150: =(E150-D150)/7 -> 95 | G150: =(TODAY()-D150)/7 -> 85.714286 | H150: 128 | I150: 116 | J150: =IFERROR(((G150*H150)/F150)-I150,"") -> -0.5112782 | K150: =IF(J150<-10,"MUITO ADIANTADO",IF(J150<-6,"ADIANTADO",IF(J150<6,"EM DIAS",IF(J150<12,"ATRASADO","MUITO ATRASADO")))) -> EM DIAS | L150: 46163 | M150: =TODAY()-L150 -> 8 | N150: =IF(M150<8,"VERIFICADO",IF(M150<15,"VERIFICAR","VERIFICAR URGENTE")) -> VERIFICAR
A151: FLÁVIA DOS SANTOS DA CUNHA | B151: JOICE LOPES | C151: =L151 -> 46160 | D151: 46055 | E151: 46528 | F151: =(E151-D151)/7 -> 67.571429 | G151: =(TODAY()-D151)/7 -> 16.571429 | H151: 64 | I151: 23 | J151: =IFERROR(((G151*H151)/F151)-I151,"") -> -7.3044397 | K151: =IF(J151<-10,"MUITO ADIANTADO",IF(J151<-6,"ADIANTADO",IF(J151<6,"EM DIAS",IF(J151<12,"ATRASADO","MUITO ATRASADO")))) -> ADIANTADO | L151: 46160 | M151: =TODAY()-L151 -> 11 | N151: =IF(M151<8,"VERIFICADO",IF(M151<15,"VERIFICAR","VERIFICAR URGENTE")) -> VERIFICAR
A152: GABRIEL ARAÚJO LINS BASTOS | B152: EDMUNDO SANTOS | C152: =L152 -> 46162 | D152: 46057 | E152: 46888 | F152: =(E152-D152)/7 -> 118.71429 | G152: =(TODAY()-D152)/7 -> 16.285714 | H152: 128 | I152: 10 | J152: =IFERROR(((G152*H152)/F152)-I152,"") -> 7.5595668 | K152: =IF(J152<-10,"MUITO ADIANTADO",IF(J152<-6,"ADIANTADO",IF(J152<6,"EM DIAS",IF(J152<12,"ATRASADO","MUITO ATRASADO")))) -> ATRASADO | L152: 46162 | M152: =TODAY()-L152 -> 9 | N152: =IF(M152<8,"VERIFICADO",IF(M152<15,"VERIFICAR","VERIFICAR URGENTE")) -> VERIFICAR
A153: GABRIEL HENRIQUE HOFF | B153: TANIA ANJOS | C153: =L153 -> 46178 | D153: 45947 | E153: 46315 | F153: =(E153-D153)/7 -> 52.571429 | G153: =(TODAY()-D153)/7 -> 32 | H153: 100 | I153: 48 | J153: =IFERROR(((G153*H153)/F153)-I153,"") -> 12.869565 | K153: =IF(J153<-10,"MUITO ADIANTADO",IF(J153<-6,"ADIANTADO",IF(J153<6,"EM DIAS",IF(J153<12,"ATRASADO","MUITO ATRASADO")))) -> MUITO ATRASADO | L153: 46178 | M153: =TODAY()-L153 -> -7 | N153: =IF(M153<8,"VERIFICADO",IF(M153<15,"VERIFICAR","VERIFICAR URGENTE")) -> VERIFICADO
A154: GABRIEL HENRIQUE HOFF | B154: EDMUNDO SANTOS | C154: =L154 -> 46160 | D154: 45922 | E154: 46461 | F154: =(E154-D154)/7 -> 77 | G154: =(TODAY()-D154)/7 -> 35.571429 | H154: 80 | I154: 34 | J154: =IFERROR(((G154*H154)/F154)-I154,"") -> 2.9573284 | K154: =IF(J154<-10,"MUITO ADIANTADO",IF(J154<-6,"ADIANTADO",IF(J154<6,"EM DIAS",IF(J154<12,"ATRASADO","MUITO ATRASADO")))) -> EM DIAS | L154: 46160 | M154: =TODAY()-L154 -> 11 | N154: =IF(M154<8,"VERIFICADO",IF(M154<15,"VERIFICAR","VERIFICAR URGENTE")) -> VERIFICAR
A155: GABRIEL NUNES DOS SANTOS | B155: EDILEUSA CHAVES | C155: =L155 -> 46161 | D155: 45757 | E155: 46445 | F155: =(E155-D155)/7 -> 98.285714 | G155: =(TODAY()-D155)/7 -> 59.142857 | H155: 80 | I155: 50 | J155: =IFERROR(((G155*H155)/F155)-I155,"") -> -1.8604651 | K155: =IF(J155<-10,"MUITO ADIANTADO",IF(J155<-6,"ADIANTADO",IF(J155<6,"EM DIAS",IF(J155<12,"ATRASADO","MUITO ATRASADO")))) -> EM DIAS | L155: 46161 | M155: =TODAY()-L155 -> 10 | N155: =IF(M155<8,"VERIFICADO",IF(M155<15,"VERIFICAR","VERIFICAR URGENTE")) -> VERIFICAR
A156: GABRIEL OTAVIO CAMERA DOS SANTOS | B156: EDMUNDO SANTOS | C156: =L156 -> 46162 | D156: 46148 | E156: 46295 | F156: =(E156-D156)/7 -> 21 | G156: =(TODAY()-D156)/7 -> 3.2857143 | H156: 16 | I156: 2 | J156: =IFERROR(((G156*H156)/F156)-I156,"") -> 0.50340136 | K156: =IF(J156<-10,"MUITO ADIANTADO",IF(J156<-6,"ADIANTADO",IF(J156<6,"EM DIAS",IF(J156<12,"ATRASADO","MUITO ATRASADO")))) -> EM DIAS | L156: 46162 | M156: =TODAY()-L156 -> 9 | N156: =IF(M156<8,"VERIFICADO",IF(M156<15,"VERIFICAR","VERIFICAR URGENTE")) -> VERIFICAR
A157: GABRIEL VALENTIN DE JESUS SOUZA | B157: EDMUNDO SANTOS | C157: =L157 -> 46161 | D157: 46139 | E157: 46826 | F157: =(E157-D157)/7 -> 98.142857 | G157: =(TODAY()-D157)/7 -> 4.5714286 | H157: 112 | I157: 6 | J157: =IFERROR(((G157*H157)/F157)-I157,"") -> -0.78311499 | K157: =IF(J157<-10,"MUITO ADIANTADO",IF(J157<-6,"ADIANTADO",IF(J157<6,"EM DIAS",IF(J157<12,"ATRASADO","MUITO ATRASADO")))) -> EM DIAS | L157: 46161 | M157: =TODAY()-L157 -> 10 | N157: =IF(M157<8,"VERIFICADO",IF(M157<15,"VERIFICAR","VERIFICAR URGENTE")) -> VERIFICAR
A158: GABRIEL VICTOR NASCIMENTO SANTOS | B158: EDMUNDO SANTOS | C158: =L158 -> 46162 | D158: 45182 | E158: 46264 | F158: =(E158-D158)/7 -> 154.57143 | G158: =(TODAY()-D158)/7 -> 141.28571 | H158: 176 | I158: 157 | J158: =IFERROR(((G158*H158)/F158)-I158,"") -> 3.8724584 | K158: =IF(J158<-10,"MUITO ADIANTADO",IF(J158<-6,"ADIANTADO",IF(J158<6,"EM DIAS",IF(J158<12,"ATRASADO","MUITO ATRASADO")))) -> EM DIAS | L158: 46162 | M158: =TODAY()-L158 -> 9 | N158: =IF(M158<8,"VERIFICADO",IF(M158<15,"VERIFICAR","VERIFICAR URGENTE")) -> VERIFICAR
A159: GABRIELA DE JESUS AZEVEDO | B159: NUBIA CARVALHO | C159: =L159 -> 46162 | D159: 45850 | E159: 46397 | F159: =(E159-D159)/7 -> 78.142857 | G159: =(TODAY()-D159)/7 -> 45.857143 | H159: 80 | I159: 56 | J159: =IFERROR(((G159*H159)/F159)-I159,"") -> -9.0530165 | K159: =IF(J159<-10,"MUITO ADIANTADO",IF(J159<-6,"ADIANTADO",IF(J159<6,"EM DIAS",IF(J159<12,"ATRASADO","MUITO ATRASADO")))) -> ADIANTADO | L159: 46162 | M159: =TODAY()-L159 -> 9 | N159: =IF(M159<8,"VERIFICADO",IF(M159<15,"VERIFICAR","VERIFICAR URGENTE")) -> VERIFICAR
A160: GABRIELA DIEHL PEREIRA | B160: EDMUNDO SANTOS | C160: =L160 -> 46160 | D160: 45936 | E160: 46148 | F160: =(E160-D160)/7 -> 30.285714 | G160: =(TODAY()-D160)/7 -> 33.571429 | H160: 32 | I160: 27 | J160: =IFERROR(((G160*H160)/F160)-I160,"") -> 8.4716981 | K160: =IF(J160<-10,"MUITO ADIANTADO",IF(J160<-6,"ADIANTADO",IF(J160<6,"EM DIAS",IF(J160<12,"ATRASADO","MUITO ATRASADO")))) -> ATRASADO | L160: 46160 | M160: =TODAY()-L160 -> 11 | N160: =IF(M160<8,"VERIFICADO",IF(M160<15,"VERIFICAR","VERIFICAR URGENTE")) -> VERIFICAR
A161: GABRIELA LAVINIA CAMERA DOS SANTOS | B161: JOICE LOPES | C161: =L161 -> 46165 | D161: 45812 | E161: 46373 | F161: =(E161-D161)/7 -> 80.142857 | G161: =(TODAY()-D161)/7 -> 51.285714 | H161: 80 | I161: 42 | J161: =IFERROR(((G161*H161)/F161)-I161,"") -> 9.1942959 | K161: =IF(J161<-10,"MUITO ADIANTADO",IF(J161<-6,"ADIANTADO",IF(J161<6,"EM DIAS",IF(J161<12,"ATRASADO","MUITO ATRASADO")))) -> ATRASADO | L161: 46165 | M161: =TODAY()-L161 -> 6 | N161: =IF(M161<8,"VERIFICADO",IF(M161<15,"VERIFICAR","VERIFICAR URGENTE")) -> VERIFICADO
... A183: HAILA VITORIA ALMEIDA DA SILVA | B183: JOICE LOPES | C183: =L183 -> 46165 | D183: 45793 | E183: 46903 | F183: =(E183-D183)/7 -> 158.57143 | G183: =(TODAY()-D183)/7 -> 54 | H183: 176 | I183: 57 | J183: =IFERROR(((G183*H183)/F183)-I183,"") -> 2.9351351 | K183: =IF(J183<-10,"MUITO ADIANTADO",IF(J183<-6,"ADIANTADO",IF(J183<6,"EM DIAS",IF(J183<12,"ATRASADO","MUITO ATRASADO")))) -> EM DIAS | L183: 46165 | M183: =TODAY()-L183 -> 6 | N183: =IF(M183<8,"VERIFICADO",IF(M183<15,"VERIFICAR","VERIFICAR URGENTE")) -> VERIFICADO
A184: HALLERANDRO NASCIMENTO DUARTE | B184: EDILEUSA CHAVES | C184: =L184 -> 46162 | D184: 46148 | E184: 47046 | F184: =(E184-D184)/7 -> 128.28571 | G184: 0 | H184: 80 | I184: 1 | J184: =IFERROR(((G184*H184)/F184)-I184,"") -> -1 | K184: =IF(J184<-10,"MUITO ADIANTADO",IF(J184<-6,"ADIANTADO",IF(J184<6,"EM DIAS",IF(J184<12,"ATRASADO","MUITO ATRASADO")))) -> EM DIAS | L184: 46162 | M184: =TODAY()-L184 -> 9 | N184: =IF(M184<8,"VERIFICADO",IF(M184<15,"VERIFICAR","VERIFICAR URGENTE")) -> VERIFICAR
A185: HALLY DA SILVA DOS SANTOS | B185: EDMUNDO SANTOS | C185: =L185 -> 46160 | D185: 45814 | E185: 48884 | F185: =(E185-D185)/7 -> 438.57143 | G185: =(TODAY()-D185)/7 -> 51 | H185: 405 | I185: 47 | J185: =IFERROR(((G185*H185)/F185)-I185,"") -> 0.096091205 | K185: =IF(J185<-10,"MUITO ADIANTADO",IF(J185<-6,"ADIANTADO",IF(J185<6,"EM DIAS",IF(J185<12,"ATRASADO","MUITO ATRASADO")))) -> EM DIAS | L185: 46160 | M185: =TODAY()-L185 -> 11 | N185: =IF(M185<8,"VERIFICADO",IF(M185<15,"VERIFICAR","VERIFICAR URGENTE")) -> VERIFICAR
A186: HEITOR ZINI ALMEIDA | B186: JOICE LOPES | C186: =L186 -> 46164 | D186: 46000 | E186: 46290 | F186: =(E186-D186)/7 -> 41.428571 | G186: =(TODAY()-D186)/7 -> 24.428571 | H186: 80 | I186: 52 | J186: =IFERROR(((G186*H186)/F186)-I186,"") -> -4.8275862 | K186: =IF(J186<-10,"MUITO ADIANTADO",IF(J186<-6,"ADIANTADO",IF(J186<6,"EM DIAS",IF(J186<12,"ATRASADO","MUITO ATRASADO")))) -> EM DIAS | L186: 46164 | M186: =TODAY()-L186 -> 7 | N186: =IF(M186<8,"VERIFICADO",IF(M186<15,"VERIFICAR","VERIFICAR URGENTE")) -> VERIFICADO
A187: HELOISA SANTOS DE ALMEIDA | B187: EDILEUSA CHAVES | C187: =L187 -> 46165 | D187: 45965 | E187: 46417 | F187: =(E187-D187)/7 -> 64.571429 | G187: =(TODAY()-D187)/7 -> 29.428571 | H187: 64 | I187: 34 | J187: =IFERROR(((G187*H187)/F187)-I187,"") -> -4.8318584 | K187: =IF(J187<-10,"MUITO ADIANTADO",IF(J187<-6,"ADIANTADO",IF(J187<6,"EM DIAS",IF(J187<12,"ATRASADO","MUITO ATRASADO")))) -> EM DIAS | L187: 46165 | M187: =TODAY()-L187 -> 6 | N187: =IF(M187<8,"VERIFICADO",IF(M187<15,"VERIFICAR","VERIFICAR URGENTE")) -> VERIFICADO
A188: TATIELLY VITORIA NUNES SOUZA | B188: EDILEUSA CHAVES | C188: =L188 -> 46163 | D188: 45842 | E188: 46426 | F188: =(E188-D188)/7 -> 83.428571 | G188: =(TODAY()-D188)/7 -> 47 | H188: 112 | I188: 60 | J188: =IFERROR(((G188*H188)/F188)-I188,"") -> 3.0958904 | K188: =IF(J188<-10,"MUITO ADIANTADO",IF(J188<-6,"ADIANTADO",IF(J188<6,"EM DIAS",IF(J188<12,"ATRASADO","MUITO ATRASADO")))) -> EM DIAS | L188: 46163 | M188: =TODAY()-L188 -> 8 | N188: =IF(M188<8,"VERIFICADO",IF(M188<15,"VERIFICAR","VERIFICAR URGENTE")) -> VERIFICAR
A189: MARIA EDUARDA SILVA QUARESMA LIMA | B189: JORGE SOUZA | C189: =L189 -> 46158 | D189: 45562 | E189: 46201 | F189: =(E189-D189)/7 -> 91.285714 | G189: =(TODAY()-D189)/7 -> 87 | H189: 80 | I189: 74 | J189: =IFERROR(((G189*H189)/F189)-I189,"") -> 2.2441315 | K189: =IF(J189<-10,"MUITO ADIANTADO",IF(J189<-6,"ADIANTADO",IF(J189<6,"EM DIAS",IF(J189<12,"ATRASADO","MUITO ATRASADO")))) -> EM DIAS | L189: 46158 | M189: =TODAY()-L189 -> 13 | N189: =IF(M189<8,"VERIFICADO",IF(M189<15,"VERIFICAR","VERIFICAR URGENTE")) -> VERIFICAR
A190: HENRIQUE DA SILVA SANTOS | B190: JOICE LOPES | C190: =L190 -> 46164 | D190: 45785 | E190: 46371 | F190: =(E190-D190)/7 -> 83.714286 | G190: =(TODAY()-D190)/7 -> 55.142857 | H190: 112 | I190: 72 | J190: =IFERROR(((G190*H190)/F190)-I190,"") -> 1.774744 | K190: =IF(J190<-10,"MUITO ADIANTADO",IF(J190<-6,"ADIANTADO",IF(J190<6,"EM DIAS",IF(J190<12,"ATRASADO","MUITO ATRASADO")))) -> EM DIAS | L190: 46164 | M190: =TODAY()-L190 -> 7 | N190: =IF(M190<8,"VERIFICADO",IF(M190<15,"VERIFICAR","VERIFICAR URGENTE")) -> VERIFICADO
A191: HENRIQUE GONÇALVES DAL MOLIN | B191: EDMUNDO SANTOS | C191: =L191 -> 46162 | D191: 45766 | E191: 46340 | F191: =(E191-D191)/7 -> 82 | G191: =(TODAY()-D191)/7 -> 57.857143 | H191: 80 | I191: 57 | J191: =IFERROR(((G191*H191)/F191)-I191,"") -> -0.55400697 | K191: =IF(J191<-10,"MUITO ADIANTADO",IF(J191<-6,"ADIANTADO",IF(J191<6,"EM DIAS",IF(J191<12,"ATRASADO","MUITO ATRASADO")))) -> EM DIAS | L191: 46162 | M191: =TODAY()-L191 -> 9 | N191: =IF(M191<8,"VERIFICADO",IF(M191<15,"VERIFICAR","VERIFICAR URGENTE")) -> VERIFICAR
A192: HENRIQUE GONÇALVES DAL MOLIN | B192: TANIA ANJOS | C192: =L192 -> 46164 | D192: 46359 | E192: 47893 | F192: =(E192-D192)/7 -> 219.14286 | G192: =(TODAY()-D192)/7 -> -26.857143 | H192: 200 | I192: 0 | J192: =IFERROR(((G192*H192)/F192)-I192,"") -> -24.511082 | K192: =IF(J192<-10,"MUITO ADIANTADO",IF(J192<-6,"ADIANTADO",IF(J192<6,"EM DIAS",IF(J192<12,"ATRASADO","MUITO ATRASADO")))) -> MUITO ADIANTADO | L192: 46164 | M192: =TODAY()-L192 -> 7 | N192: =IF(M192<8,"VERIFICADO",IF(M192<15,"VERIFICAR","VERIFICAR URGENTE")) -> VERIFICADO
A193: HENRY GABRIEL DE SOUZA LIMA | B193: EDILEUSA CHAVES | C193: =L193 -> 46161 | D193: 45636 | E193: 46255 | F193: =(E193-D193)/7 -> 88.428571 | G193: =(TODAY()-D193)/7 -> 76.428571 | H193: 80 | I193: 75 | J193: =IFERROR(((G193*H193)/F193)-I193,"") -> -5.8562197 | K193: =IF(J193<-10,"MUITO ADIANTADO",IF(J193<-6,"ADIANTADO",IF(J193<6,"EM DIAS",IF(J193<12,"ATRASADO","MUITO ATRASADO")))) -> EM DIAS | L193: 46161 | M193: =TODAY()-L193 -> 10 | N193: =IF(M193<8,"VERIFICADO",IF(M193<15,"VERIFICAR","VERIFICAR URGENTE")) -> VERIFICAR
A194: HEVELYN SANTOS DA SILVA | B194: EDMUNDO SANTOS | C194: =L194 -> 46158 | D194: 45646 | E194: 46203 | F194: =(E194-D194)/7 -> 79.571429 | G194: =(TODAY()-D194)/7 -> 75 | H194: 80 | I194: 71 | J194: =IFERROR(((G194*H194)/F194)-I194,"") -> 4.4039497 | K194: =IF(J194<-10,"MUITO ADIANTADO",IF(J194<-6,"ADIANTADO",IF(J194<6,"EM DIAS",IF(J194<12,"ATRASADO","MUITO ATRASADO")))) -> EM DIAS | L194: 46158 | M194: =TODAY()-L194 -> 13 | N194: =IF(M194<8,"VERIFICADO",IF(M194<15,"VERIFICAR","VERIFICAR URGENTE")) -> VERIFICAR
A195: HEVELYN SANTOS DA SILVA | B195: EDMUNDO SANTOS | C195: =L195 -> 46212 | D195: 46212 | E195: 47888 | F195: =(E195-D195)/7 -> 239.42857 | G195: =(TODAY()-D195)/7 -> -5.8571429 | H195: 200 | I195: 0 | J195: =IFERROR(((G195*H195)/F195)-I195,"") -> -4.8926014 | K195: =IF(J195<-10,"MUITO ADIANTADO",IF(J195<-6,"ADIANTADO",IF(J195<6,"EM DIAS",IF(J195<12,"ATRASADO","MUITO ATRASADO")))) -> EM DIAS | L195: 46212 | M195: =TODAY()-L195 -> -41 | N195: =IF(M195<8,"VERIFICADO",IF(M195<15,"VERIFICAR","VERIFICAR URGENTE")) -> VERIFICADO
A196: HIGOR GABRIEL DA SILVA VILELA | B196: EDMUNDO SANTOS | C196: =L196 -> 46161 | D196: 45895 | E196: 46597 | F196: =(E196-D196)/7 -> 100.28571 | G196: =(TODAY()-D196)/7 -> 39.428571 | H196: 112 | I196: 39 | J196: =IFERROR(((G196*H196)/F196)-I196,"") -> 5.034188 | K196: =IF(J196<-10,"MUITO ADIANTADO",IF(J196<-6,"ADIANTADO",IF(J196<6,"EM DIAS",IF(J196<12,"ATRASADO","MUITO ATRASADO")))) -> EM DIAS | L196: 46161 | M196: =TODAY()-L196 -> 10 | N196: =IF(M196<8,"VERIFICADO",IF(M196<15,"VERIFICAR","VERIFICAR URGENTE")) -> VERIFICAR
... A240: GIOVANNA BORGES DA PAIXÃO | B240: EDILEUSA CHAVES | C240: =L240 -> 46165 | D240: 45675 | E240: 46382 | F240: =(E240-D240)/7 -> 101 | G240: =(TODAY()-D240)/7 -> 70.857143 | H240: 112 | I240: 64 | J240: =IFERROR(((G240*H240)/F240)-I240,"") -> 14.574257 | K240: =IF(J240<-10,"MUITO ADIANTADO",IF(J240<-6,"ADIANTADO",IF(J240<6,"EM DIAS",IF(J240<12,"ATRASADO","MUITO ATRASADO")))) -> MUITO ATRASADO | L240: 46165 | M240: =TODAY()-L240 -> 6 | N240: =IF(M240<8,"VERIFICADO",IF(M240<15,"VERIFICAR","VERIFICAR URGENTE")) -> VERIFICADO
A241: JONATAN GOMES ALVES | B241: EDILEUSA CHAVES | C241: =L241 -> 46160 | D241: 46123 | E241: 46703 | F241: =(E241-D242)/7 -> 145.14286 | G241: =(TODAY()-D241)/7 -> 6.8571429 | H241: 80 | I241: 12 | J241: =IFERROR(((G241*H241)/F241)-I241,"") -> -8.2204724 | K241: =IF(J241<-10,"MUITO ADIANTADO",IF(J241<-6,"ADIANTADO",IF(J241<6,"EM DIAS",IF(J241<12,"ATRASADO","MUITO ATRASADO")))) -> ADIANTADO | L241: 46160 | M241: =TODAY()-L241 -> 11 | N241: =IF(M241<8,"VERIFICADO",IF(M241<15,"VERIFICAR","VERIFICAR URGENTE")) -> VERIFICAR
A242: JONATHAS DE QUEIROZ SANTOS | B242: EDMUNDO SANTOS | C242: =L242 -> 46163 | D242: 45687 | E242: 46660 | F242: =(E242-D242)/7 -> 139 | G242: =(TODAY()-D242)/7 -> 69.142857 | H242: 129 | I242: 77 | J242: =IFERROR(((G242*H242)/F242)-I242,"") -> -12.831449 | K242: =IF(J242<-10,"MUITO ADIANTADO",IF(J242<-6,"ADIANTADO",IF(J242<6,"EM DIAS",IF(J242<12,"ATRASADO","MUITO ATRASADO")))) -> MUITO ADIANTADO | L242: 46163 | M242: =TODAY()-L242 -> 8 | N242: =IF(M242<8,"VERIFICADO",IF(M242<15,"VERIFICAR","VERIFICAR URGENTE")) -> VERIFICAR
...

Sheet CENTRO
A2: DATA ATUAL | B2: =TODAY() -> 46171 | C2: =TODAY() -> 46171 | O2: DIEF
A3: ALUNO | B3: DIA DO CURSO | C3: DATA INICIO | D3: DATA TERMINO | E3: TOTAL DE SEMANAS | F3: TOTAL DE SEMANAS CONCLUIDAS | G3: AULAS DO CURSO | H3: AULAS CONCLUIDAS | I3: % AULAS CONCLUIDAS | J3: % DIAS CONCLUIDOS | K3: AULAS ATRASADAS | L3: SITUAÇÃO | M3: DATA DO ACOMPA. | N3: DIAS VERIFICADO | O3: STATUS | P3: RENOVAÇÕES | T3: SITUAÇÃO DO ACOMPANHAMENTO | U3: FICHA PREENCHIDA
A4: SARA PEREIRA DA SILVA | B4: =M4 -> 45453 | C4: 45215 | D4: 45776 | E4: =(D4-C4)/7 -> 80.142857 | F4: =($B$2-C4)/7 -> 136.57143 | G4: 80 | H4: 26 | K4: =IFERROR(((F4*G4)/E4)-H4,"") -> 110.32799 | L4: =IF(K4<-10,"MUITO ADIANTADO",IF(K4<-6,"ADIANTADO",IF(K4<6,"EM DIAS",IF(K4<12,"ATRASADO","MUITO ATRASADO")))) -> MUITO ATRASADO | M4: 45453 | N4: =$B$2-M4 -> 718 | O4: =IF(N4<8,"VERIFICADO",IF(N4<15,"VERIFICAR","VERIFICAR URGENTE")) -> VERIFICAR URGENTE
A5: ADRIELLY DO CARMO SANTOS | B5: =M5 -> 45450 | C5: 45331 | D5: 45478 | E5: =(D5-C5)/7 -> 21 | F5: =($B$2-C5)/7 -> 120 | G5: 16 | H5: 9 | K5: =IFERROR(((F5*G5)/E5)-H5,"") -> 82.428571 | L5: =IF(K5<-10,"MUITO ADIANTADO",IF(K5<-6,"ADIANTADO",IF(K5<6,"EM DIAS",IF(K5<12,"ATRASADO","MUITO ATRASADO")))) -> MUITO ATRASADO | M5: 45450 | N5: =$B$2-M5 -> 721 | O5: =IF(N5<8,"VERIFICADO",IF(N5<15,"VERIFICAR","VERIFICAR URGENTE")) -> VERIFICAR URGENTE
A6: CARLOS DANIEL SILVA CRUZ | B6: =M6 -> 45449 | C6: 45008 | D6: 45491 | E6: =(D6-C6)/7 -> 69 | F6: =($B$2-C6)/7 -> 166.14286 | G6: 80 | H6: 68 | K6: =IFERROR(((F6*G6)/E6)-H6,"") -> 124.6294 | L6: =IF(K6<-10,"MUITO ADIANTADO",IF(K6<-6,"ADIANTADO",IF(K6<6,"EM DIAS",IF(K6<12,"ATRASADO","MUITO ATRASADO")))) -> MUITO ATRASADO | M6: 45449 | N6: =$B$2-M6 -> 722 | O6: =IF(N6<8,"VERIFICADO",IF(N6<15,"VERIFICAR","VERIFICAR URGENTE")) -> VERIFICAR URGENTE
A7: ALANA ARAUJO COSTA | B7: =M7 -> 45454 | C7: 44778 | D7: 46027 | E7: =(D7-C7)/7 -> 178.42857 | F7: =($B$2-C7)/7 -> 199 | G7: 269 | H7: 112 | I7: =IFERROR(H7/G7,"") -> 0.41635688 | J7: =IFERROR(F7/E7,"") -> 1.1152922 | K7: =IFERROR(((F7*G7)/E7)-H7,"") -> 188.01361 | L7: =IF(K7<-10,"MUITO ADIANTADO",IF(K7<-6,"ADIANTADO",IF(K7<6,"EM DIAS",IF(K7<12,"ATRASADO","MUITO ATRASADO")))) -> MUITO ATRASADO | M7: 45454 | N7: =$B$2-M7 -> 717 | O7: =IF(N7<8,"VERIFICADO",IF(N7<15,"VERIFICAR","VERIFICAR URGENTE")) -> VERIFICAR URGENTE
A8: ALESSANDRO OLIVEIRA DA SILVA | B8: =M8 -> 45451 | C8: 45391 | D8: 45757 | E8: =(D8-C8)/7 -> 52.285714 | F8: =($B$2-C8)/7 -> 111.42857 | G8: 48 | H8: 1 | K8: =IFERROR(((F8*G8)/E8)-H8,"") -> 101.29508 | L8: =IF(K8<-10,"MUITO ADIANTADO",IF(K8<-6,"ADIANTADO",IF(K8<6,"EM DIAS",IF(K8<12,"ATRASADO","MUITO ATRASADO")))) -> MUITO ATRASADO | M8: 45451 | N8: =$B$2-M8 -> 720 | O8: =IF(N8<8,"VERIFICADO",IF(N8<15,"VERIFICAR","VERIFICAR URGENTE")) -> VERIFICAR URGENTE
A9: CAIO DOS SANTOS FERREIRA | B9: =M9 -> 45451 | C9: 44912 | D9: 45493 | E9: =(D9-C9)/7 -> 83 | F9: =($B$2-C9)/7 -> 179.85714 | G9: 177 | H9: 168 | I9: =IFERROR(H9/G9,"") -> 0.94915254 | J9: =IFERROR(F9/E9,"") -> 2.1669535 | K9: =IFERROR(((F9*G9)/E9)-H9,"") -> 215.55077 | L9: =IF(K9<-10,"MUITO ADIANTADO",IF(K9<-6,"ADIANTADO",IF(K9<6,"EM DIAS",IF(K9<12,"ATRASADO","MUITO ATRASADO")))) -> MUITO ATRASADO | M9: 45451 | N9: =$B$2-M9 -> 720 | O9: =IF(N9<8,"VERIFICADO",IF(N9<15,"VERIFICAR","VERIFICAR URGENTE")) -> VERIFICAR URGENTE
A10: JONATHAS DE QUEIROZ SANTOS | B10: =M10 -> 45450 | C10: 44897 | D10: 46536 | E10: =(D10-C10)/7 -> 234.14286 | F10: =($B$2-C10)/7 -> 182 | G10: 280 | H10: 103 | I10: =IFERROR(H10/G10,"") -> 0.36785714 | J10: =IFERROR(F10/E10,"") -> 0.77730323 | K10: =IFERROR(((F10*G10)/E10)-H10,"") -> 114.64491 | L10: =IF(K10<-10,"MUITO ADIANTADO",IF(K10<-6,"ADIANTADO",IF(K10<6,"EM DIAS",IF(K10<12,"ATRASADO","MUITO ATRASADO")))) -> MUITO ATRASADO | M10: 45450 | N10: =$B$2-M10 -> 721 | O10: =IF(N10<8,"VERIFICADO",IF(N10<15,"VERIFICAR","VERIFICAR URGENTE")) -> VERIFICAR URGENTE
A11: LUIS RYAN SODRÉ COÊLHO | B11: =M11 -> 45448 | C11: 45044 | D11: 45530 | E11: =(D11-C11)/7 -> 69.428571 | F11: =($B$2-C11)/7 -> 161 | G11: 96 | H11: 86 | I11: =IFERROR(H11/G11,"") -> 0.89583333 | J11: =IFERROR(F11/E11,"") -> 2.31893 | K11: =IFERROR(((F11*G11)/E11)-H11,"") -> 136.61728 | L11: =IF(K11<-10,"MUITO ADIANTADO",IF(K11<-6,"ADIANTADO",IF(K11<6,"EM DIAS",IF(K11<12,"ATRASADO","MUITO ATRASADO")))) -> MUITO ATRASADO | M11: 45448 | N11: =$B$2-M11 -> 723 | O11: =IF(N11<8,"VERIFICADO",IF(N11<15,"VERIFICAR","VERIFICAR URGENTE")) -> VERIFICAR URGENTE
A12: MIGUEL CAMILLO PAGLIOSA | B12: =M12 -> 45450 | C12: 45134 | D12: 45562 | E12: =(D12-C12)/7 -> 61.142857 | F12: =($B$2-C12)/7 -> 148.14286 | G12: 80 | H12: 62 | I12: =IFERROR(H12/G12,"") -> 0.775 | J12: =IFERROR(F12/E12,"") -> 2.4228972 | K12: =IFERROR(((F12*G12)/E12)-H12,"") -> 131.83178 | L12: =IF(K12<-10,"MUITO ADIANTADO",IF(K12<-6,"ADIANTADO",IF(K12<6,"EM DIAS",IF(K12<12,"ATRASADO","MUITO ATRASADO")))) -> MUITO ATRASADO | M12: 45450 | N12: =$B$2-M12 -> 721 | O12: =IF(N12<8,"VERIFICADO",IF(N12<15,"VERIFICAR","VERIFICAR URGENTE")) -> VERIFICAR URGENTE
A13: ADRIAN MARQUES SANTOS | B13: =M13 -> 45453 | C13: 45246 | D13: 45741 | E13: =(D13-C13)/7 -> 70.714286 | F13: =($B$2-C13)/7 -> 132.14286 | G13: 116 | H13: 56 | I13: =IFERROR(H13/G13,"") -> 0.48275862 | J13: =IFERROR(F13/E13,"") -> 1.8686869 | K13: =IFERROR(((F13*G13)/E13)-H13,"") -> 160.76768 | L13: =IF(K13<-10,"MUITO ADIANTADO",IF(K13<-6,"ADIANTADO",IF(K13<6,"EM DIAS",IF(K13<12,"ATRASADO","MUITO ATRASADO")))) -> MUITO ATRASADO | M13: 45453 | N13: =$B$2-M13 -> 718 | O13: =IF(N13<8,"VERIFICADO",IF(N13<15,"VERIFICAR","VERIFICAR URGENTE")) -> VERIFICAR URGENTE
A14: AGHATA DA FRANÇA PEREIRA | B14: =M14 -> 45449 | C14: 45358 | D14: 46167 | E14: =(D14-C14)/7 -> 115.57143 | F14: =($B$2-C14)/7 -> 116.14286 | G14: 112 | H14: 13 | K14: =IFERROR(((F14*G14)/E14)-H14,"") -> 99.55377 | L14: =IF(K14<-10,"MUITO ADIANTADO",IF(K14<-6,"ADIANTADO",IF(K14<6,"EM DIAS",IF(K14<12,"ATRASADO","MUITO ATRASADO")))) -> MUITO ATRASADO | M14: 45449 | N14: =$B$2-M14 -> 722 | O14: =IF(N14<8,"VERIFICADO",IF(N14<15,"VERIFICAR","VERIFICAR URGENTE")) -> VERIFICAR URGENTE
A15: ALICIA VITÓRIA DE VASCONCELOS ANDRADE | B15: =M15 -> 45448 | C15: 45155 | D15: 46769 | E15: =(D15-C15)/7 -> 230.57143 | F15: =($B$2-C15)/7 -> 145.14286 | G15: 256 | H15: 44 | K15: =IFERROR(((F15*G15)/E15)-H15,"") -> 117.14994 | L15: =IF(K15<-10,"MUITO ADIANTADO",IF(K15<-6,"ADIANTADO",IF(K15<6,"EM DIAS",IF(K15<12,"ATRASADO","MUITO ATRASADO")))) -> MUITO ATRASADO | M15: 45448 | N15: =$B$2-M15 -> 723 | O15: =IF(N15<8,"VERIFICADO",IF(N15<15,"VERIFICAR","VERIFICAR URGENTE")) -> VERIFICAR URGENTE
A16: AMANDA RIBEIRO MARTINS | B16: =M16 -> 45451 | C16: 44852 | D16: 46132 | E16: =(D16-C16)/7 -> 182.85714 | F16: =($B$2-C16)/7 -> 188.42857 | G16: 253 | H16: 32 | I16: =IFERROR(H16/G16,"") -> 0.12648221 | J16: =IFERROR(F16/E16,"") -> 1.0304688 | K16: =IFERROR(((F16*G16)/E16)-H16,"") -> 228.70859 | L16: =IF(K16<-10,"MUITO ADIANTADO",IF(K16<-6,"ADIANTADO",IF(K16<6,"EM DIAS",IF(K16<12,"ATRASADO","MUITO ATRASADO")))) -> MUITO ATRASADO | M16: 45451 | N16: =$B$2-M16 -> 720 | O16: =IF(N16<8,"VERIFICADO",IF(N16<15,"VERIFICAR","VERIFICAR URGENTE")) -> VERIFICAR URGENTE
A17: CRISTINA LIMA DOS SANTOS | B17: =M17 -> 45448 | C17: 45358 | D17: 45480 | E17: =(D17-C17)/7 -> 17.428571 | F17: =($B$2-C17)/7 -> 116.14286 | G17: 16 | H17: 9 | K17: =IFERROR(((F17*G17)/E17)-H17,"") -> 97.622951 | L17: =IF(K17<-10,"MUITO ADIANTADO",IF(K17<-6,"ADIANTADO",IF(K17<6,"EM DIAS",IF(K17<12,"ATRASADO","MUITO ATRASADO")))) -> MUITO ATRASADO | M17: 45448 | N17: =$B$2-M17 -> 723 | O17: =IF(N17<8,"VERIFICADO",IF(N17<15,"VERIFICAR","VERIFICAR URGENTE")) -> VERIFICAR URGENTE
A18: DANILO DE SOUZA SANTOS | B18: =M18 -> 45451 | C18: 44681 | D18: 45333 | E18: =(D18-C18)/7 -> 93.142857 | F18: =($B$2-C18)/7 -> 212.85714 | G18: 92 | H18: 86 | I18: =IFERROR(H18/G18,"") -> 0.93478261 | J18: =IFERROR(F18/E18,"") -> 2.2852761 | K18: =IFERROR(((F18*G18)/E18)-H18,"") -> 124.2454 | L18: =IF(K18<-10,"MUITO ADIANTADO",IF(K18<-6,"ADIANTADO",IF(K18<6,"EM DIAS",IF(K18<12,"ATRASADO","MUITO ATRASADO")))) -> MUITO ATRASADO | M18: 45451 | N18: =$B$2-M18 -> 720 | O18: =IF(N18<8,"VERIFICADO",IF(N18<15,"VERIFICAR","VERIFICAR URGENTE")) -> VERIFICAR URGENTE
A19: FRANCIELEN DA SILVA BARROS | B19: =M19 -> 45449 | C19: 45358 | D19: 45907 | E19: =(D19-C19)/7 -> 78.428571 | F19: =($B$2-C19)/7 -> 116.14286 | G19: 64 | H19: 15 | K19: =IFERROR(((F19*G19)/E19)-H19,"") -> 79.775956 | L19: =IF(K19<-10,"MUITO ADIANTADO",IF(K19<-6,"ADIANTADO",IF(K19<6,"EM DIAS",IF(K19<12,"ATRASADO","MUITO ATRASADO")))) -> MUITO ATRASADO | M19: 45449 | N19: =$B$2-M19 -> 722 | O19: =IF(N19<8,"VERIFICADO",IF(N19<15,"VERIFICAR","VERIFICAR URGENTE")) -> VERIFICAR URGENTE
A20: HILLARY SILVA DOS SANTOS | B20: =M20 -> 45449 | C20: 45113 | D20: 46730 | E20: =(D20-C20)/7 -> 231 | F20: =($B$2-C20)/7 -> 151.14286 | G20: 304 | H20: 89 | I20: =IFERROR(H20/G20,"") -> 0.29276316 | J20: =IFERROR(F20/E20,"") -> 0.65429808 | K20: =IFERROR(((F20*G20)/E20)-H20,"") -> 109.90662 | L20: =IF(K20<-10,"MUITO ADIANTADO",IF(K20<-6,"ADIANTADO",IF(K20<6,"EM DIAS",IF(K20<12,"ATRASADO","MUITO ATRASADO")))) -> MUITO ATRASADO | M20: 45449 | N20: =$B$2-M20 -> 722 | O20: =IF(N20<8,"VERIFICADO",IF(N20<15,"VERIFICAR","VERIFICAR URGENTE")) -> VERIFICAR URGENTE
A21: BRUNA ETIELLE DE JESUS DARIO | B21: =M21 -> 45450 | C21: 44893 | D21: 46217 | E21: =(D21-C21)/7 -> 189.14286 | F21: =($B$2-C21)/7 -> 182.57143 | G21: 253 | H21: 64 | K21: =IFERROR(((F21*G21)/E21)-H21,"") -> 180.20997 | L21: =IF(K21<-10,"MUITO ADIANTADO",IF(K21<-6,"ADIANTADO",IF(K21<6,"EM DIAS",IF(K21<12,"ATRASADO","MUITO ATRASADO")))) -> MUITO ATRASADO | M21: 45450 | N21: =$B$2-M21 -> 721 | O21: =IF(N21<8,"VERIFICADO",IF(N21<15,"VERIFICAR","VERIFICAR URGENTE")) -> VERIFICAR URGENTE
A22: FRANCISCO DO NASCIMENTO SILVA | B22: =M22 -> 45448 | C22: 45357 | D22: 45875 | E22: =(D22-C22)/7 -> 74 | F22: =($B$2-C22)/7 -> 116.28571 | G22: 80 | H22: 10 | K22: =IFERROR(((F22*G22)/E22)-H22,"") -> 115.71429 | L22: =IF(K22<-10,"MUITO ADIANTADO",IF(K22<-6,"ADIANTADO",IF(K22<6,"EM DIAS",IF(K22<12,"ATRASADO","MUITO ATRASADO")))) -> MUITO ATRASADO | M22: 45448 | N22: =$B$2-M22 -> 723 | O22: =IF(N22<8,"VERIFICADO",IF(N22<15,"VERIFICAR","VERIFICAR URGENTE")) -> VERIFICAR URGENTE
A23: HELOISA DE MACEDO DA SILVA | B23: =M23 -> 45450 | C23: 44810 | D23: 45646 | E23: =(D23-C23)/7 -> 119.42857 | F23: =($B$2-C23)/7 -> 194.42857 | G23: 186 | H23: 92 | I23: =IFERROR(H23/G23,"") -> 0.49462366 | J23: =IFERROR(F23/E23,"") -> 1.6279904 | K23: =IFERROR(((F23*G23)/E23)-H23,"") -> 210.80622 | L23: =IF(K23<-10,"MUITO ADIANTADO",IF(K23<-6,"ADIANTADO",IF(K23<6,"EM DIAS",IF(K23<12,"ATRASADO","MUITO ATRASADO")))) -> MUITO ATRASADO | M23: 45450 | N23: =$B$2-M23 -> 721 | O23: =IF(N23<8,"VERIFICADO",IF(N23<15,"VERIFICAR","VERIFICAR URGENTE")) -> VERIFICAR URGENTE
A24: IRIS MILENA RODRIGUES DOS SANTOS | B24: =M24 -> 45449 | C24: 45056 | D24: 46701 | E24: =(D24-C24)/7 -> 235 | F24: =($B$2-C24)/7 -> 159.28571 | G24: 257 | H24: 58 | I24: =IFERROR(H24/G24,"") -> 0.22568093 | J24: =IFERROR(F24/E24,"") -> 0.67781155 | K24: =IFERROR(((F24*G24)/E24)-H24,"") -> 116.19757 | L24: =IF(K24<-10,"MUITO ADIANTADO",IF(K24<-6,"ADIANTADO",IF(K24<6,"EM DIAS",IF(K24<12,"ATRASADO","MUITO ATRASADO")))) -> MUITO ATRASADO | M24: 45449 | N24: =$B$2-M24 -> 722 | O24: =IF(N24<8,"VERIFICADO",IF(N24<15,"VERIFICAR","VERIFICAR URGENTE")) -> VERIFICAR URGENTE
A25: ANDRÉ LUCAS DA ROCHA LOPES | B25: =M25 -> 45446 | C25: 45356 | D25: 45411 | E25: =(D25-C25)/7 -> 7.8571429 | F25: =($B$2-C25)/7 -> 116.42857 | G25: 16 | H25: 5 | K25: =IFERROR(((F25*G25)/E25)-H25,"") -> 232.09091 | L25: =IF(K25<-10,"MUITO ADIANTADO",IF(K25<-6,"ADIANTADO",IF(K25<6,"EM DIAS",IF(K25<12,"ATRASADO","MUITO ATRASADO")))) -> MUITO ATRASADO | M25: 45446 | N25: =$B$2-M25 -> 725 | O25: =IF(N25<8,"VERIFICADO",IF(N25<15,"VERIFICAR","VERIFICAR URGENTE")) -> VERIFICAR URGENTE
A26: JÚLIO ALVES MARTINS | B26: =M26 -> 45447 | C26: 45081 | D26: 46701 | E26: =(D26-C26)/7 -> 231.42857 | F26: =($B$2-C26)/7 -> 155.71429 | G26: 272 | H26: 45 | I26: =IFERROR(H26/G26,"") -> 0.16544118 | J26: =IFERROR(F26/E26,"") -> 0.67283951 | K26: =IFERROR(((F26*G26)/E26)-H26,"") -> 138.01235 | L26: =IF(K26<-10,"MUITO ADIANTADO",IF(K26<-6,"ADIANTADO",IF(K26<6,"EM DIAS",IF(K26<12,"ATRASADO","MUITO ATRASADO")))) -> MUITO ATRASADO | M26: 45447 | N26: =$B$2-M26 -> 724 | O26: =IF(N26<8,"VERIFICADO",IF(N26<15,"VERIFICAR","VERIFICAR URGENTE")) -> VERIFICAR URGENTE
A27: AMANDA ANTUNES PALMEIRA | B27: =M27 -> 45453 | C27: 45411 | D27: 46096 | E27: =(D27-C27)/7 -> 97.857143 | F27: =($B$2-C27)/7 -> 108.57143 | G27: 192 | H27: 16 | I27: =IFERROR(H27/G27,"") -> 0.083333333 | J27: =IFERROR(F27/E27,"") -> 1.1094891 | K27: =IFERROR(((F27*G27)/E27)-H27,"") -> 197.0219 | L27: =IF(K27<-10,"MUITO ADIANTADO",IF(K27<-6,"ADIANTADO",IF(K27<6,"EM DIAS",IF(K27<12,"ATRASADO","MUITO ATRASADO")))) -> MUITO ATRASADO | M27: 45453 | N27: =$B$2-M27 -> 718 | O27: =IF(N27<8,"VERIFICADO",IF(N27<15,"VERIFICAR","VERIFICAR URGENTE")) -> VERIFICAR URGENTE
A28: ANA JULIA DE SOUZA SANTANA | B28: =M28 -> 45453 | C28: 45243 | D28: 45760 | E28: =(D28-C28)/7 -> 73.857143 | F28: =($B$2-C28)/7 -> 132.57143 | G28: 80 | H28: 30 | K28: =IFERROR(((F28*G28)/E28)-H28,"") -> 113.59768 | L28: =IF(K28<-10,"MUITO ADIANTADO",IF(K28<-6,"ADIANTADO",IF(K28<6,"EM DIAS",IF(K28<12,"ATRASADO","MUITO ATRASADO")))) -> MUITO ATRASADO | M28: 45453 | N28: =$B$2-M28 -> 718 | O28: =IF(N28<8,"VERIFICADO",IF(N28<15,"VERIFICAR","VERIFICAR URGENTE")) -> VERIFICAR URGENTE
A29: ANA JÚLIA OLIVEIRA SANTOS | B29: =M29 -> 45453 | C29: 44791 | D29: 45519 | E29: =(D29-C29)/7 -> 104 | F29: =($B$2-C29)/7 -> 197.14286 | G29: 74 | H29: 65 | I29: =IFERROR(H29/G29,"") -> 0.87837838 | J29: =IFERROR(F29/E29,"") -> 1.8956044 | K29: =IFERROR(((F29*G29)/E29)-H29,"") -> 75.274725 | L29: =IF(K29<-10,"MUITO ADIANTADO",IF(K29<-6,"ADIANTADO",IF(K29<6,"EM DIAS",IF(K29<12,"ATRASADO","MUITO ATRASADO")))) -> MUITO ATRASADO | M29: 45453 | N29: =$B$2-M29 -> 718 | O29: =IF(N29<8,"VERIFICADO",IF(N29<15,"VERIFICAR","VERIFICAR URGENTE")) -> VERIFICAR URGENTE
A30: ANA LUIZA RIBEIRO DISCONZI | B30: =M30 -> 45453 | C30: 45355 | D30: 45873 | E30: =(D30-C30)/7 -> 74 | F30: =($B$2-C30)/7 -> 116.57143 | G30: 80 | H30: 9 | K30: =IFERROR(((F30*G30)/E30)-H30,"") -> 117.02317 | L30: =IF(K30<-10,"MUITO ADIANTADO",IF(K30<-6,"ADIANTADO",IF(K30<6,"EM DIAS",IF(K30<12,"ATRASADO","MUITO ATRASADO")))) -> MUITO ATRASADO | M30: 45453 | N30: =$B$2-M30 -> 718 | O30: =IF(N30<8,"VERIFICADO",IF(N30<15,"VERIFICAR","VERIFICAR URGENTE")) -> VERIFICAR URGENTE
A31: ANTÔNIA AUDIRENE ALVES VIANA | B31: =M31 -> 45453 | C31: 45323 | D31: 45474 | E31: =(D31-C31)/7 -> 21.571429 | F31: =($B$2-C31)/7 -> 121.14286 | G31: 16 | H31: 8 | K31: =IFERROR(((F31*G31)/E31)-H31,"") -> 81.854305 | L31: =IF(K31<-10,"MUITO ADIANTADO",IF(K31<-6,"ADIANTADO",IF(K31<6,"EM DIAS",IF(K31<12,"ATRASADO","MUITO ATRASADO")))) -> MUITO ATRASADO | M31: 45453 | N31: =$B$2-M31 -> 718 | O31: =IF(N31<8,"VERIFICADO",IF(N31<15,"VERIFICAR","VERIFICAR URGENTE")) -> VERIFICAR URGENTE
A32: BEATRIZ MAGALHÃES DOS SANTOS | B32: =M32 -> 45453 | C32: 45075 | D32: 46689 | E32: =(D32-C32)/7 -> 230.57143 | F32: =($B$2-C32)/7 -> 156.57143 | G32: 272 | H32: 64 | I32: =IFERROR(H32/G32,"") -> 0.23529412 | J32: =IFERROR(F32/E32,"") -> 0.67905824 | K32: =IFERROR(((F32*G32)/E32)-H32,"") -> 120.70384 | L32: =IF(K32<-10,"MUITO ADIANTADO",IF(K32<-6,"ADIANTADO",IF(K32<6,"EM DIAS",IF(K32<12,"ATRASADO","MUITO ATRASADO")))) -> MUITO ATRASADO | M32: 45453 | N32: =$B$2-M32 -> 718 | O32: =IF(N32<8,"VERIFICADO",IF(N32<15,"VERIFICAR","VERIFICAR URGENTE")) -> VERIFICAR URGENTE
A33: BORIS ALECSANDER MAKOWICH FILHO | B33: =M33 -> 45453 | C33: 45137 | D33: 45794 | E33: =(D33-C33)/7 -> 93.857143 | F33: =($B$2-C33)/7 -> 147.71429 | G33: 132 | H33: 57 | I33: =IFERROR(H33/G33,"") -> 0.43181818 | J33: =IFERROR(F33/E33,"") -> 1.5738204 | K33: =IFERROR(((F33*G33)/E33)-H33,"") -> 150.74429 | L33: =IF(K33<-10,"MUITO ADIANTADO",IF(K33<-6,"ADIANTADO",IF(K33<6,"EM DIAS",IF(K33<12,"ATRASADO","MUITO ATRASADO")))) -> MUITO ATRASADO | M33: 45453 | N33: =$B$2-M33 -> 718 | O33: =IF(N33<8,"VERIFICADO",IF(N33<15,"VERIFICAR","VERIFICAR URGENTE")) -> VERIFICAR URGENTE
A34: BRUNO REIS DOS SANTOS | B34: =M34 -> 45453 | C34: 44935 | D34: 46218 | E34: =(D34-C34)/7 -> 183.28571 | F34: =($B$2-C34)/7 -> 176.57143 | G34: 253 | H34: 83 | I34: =IFERROR(H34/G34,"") -> 0.32806324 | J34: =IFERROR(F34/E34,"") -> 0.96336711 | K34: =IFERROR(((F34*G34)/E34)-H34,"") -> 160.73188 | L34: =IF(K34<-10,"MUITO ADIANTADO",IF(K34<-6,"ADIANTADO",IF(K34<6,"EM DIAS",IF(K34<12,"ATRASADO","MUITO ATRASADO")))) -> MUITO ATRASADO | M34: 45453 | N34: =$B$2-M34 -> 718 | O34: =IF(N34<8,"VERIFICADO",IF(N34<15,"VERIFICAR","VERIFICAR URGENTE")) -> VERIFICAR URGENTE
A35: CAMILA PRISCILA DE JESUS AZEVEDO | B35: =M35 -> 45453 | C35: 45173 | D35: 45862 | E35: =(D35-C35)/7 -> 98.428571 | F35: =($B$2-C35)/7 -> 142.57143 | G35: 112 | H35: 45 | I35: =IFERROR(H35/G35,"") -> 0.40178571 | J35: =IFERROR(F35/E35,"") -> 1.4484761 | K35: =IFERROR(((F35*G35)/E35)-H35,"") -> 117.22932 | L35: =IF(K35<-10,"MUITO ADIANTADO",IF(K35<-6,"ADIANTADO",IF(K35<6,"EM DIAS",IF(K35<12,"ATRASADO","MUITO ATRASADO")))) -> MUITO ATRASADO | M35: 45453 | N35: =$B$2-M35 -> 718 | O35: =IF(N35<8,"VERIFICADO",IF(N35<15,"VERIFICAR","VERIFICAR URGENTE")) -> VERIFICAR URGENTE
A36: CERFFI DREYK PEREIRA DA SILVA | B36: =M36 -> 45453 | C36: 45066 | D36: 46681 | E36: =(D36-C36)/7 -> 230.71429 | F36: =($B$2-C36)/7 -> 157.85714 | G36: 272 | H36: 60 | I36: =IFERROR(H36/G36,"") -> 0.22058824 | J36: =IFERROR(F36/E36,"") -> 0.68421053 | K36: =IFERROR(((F36*G36)/E36)-H36,"") -> 126.10526 | L36: =IF(K36<-10,"MUITO ADIANTADO",IF(K36<-6,"ADIANTADO",IF(K36<6,"EM DIAS",IF(K36<12,"ATRASADO","MUITO ATRASADO")))) -> MUITO ATRASADO | M36: 45453 | N36: =$B$2-M36 -> 718 | O36: =IF(N36<8,"VERIFICADO",IF(N36<15,"VERIFICAR","VERIFICAR URGENTE")) -> VERIFICAR URGENTE
A37: ENZO VICTOR SANTOS MACEDO | B37: =M37 -> 45450 | C37: 44915 | D37: 46193 | E37: =(D37-C37)/7 -> 182.57143 | F37: =($B$2-C37)/7 -> 179.42857 | G37: 253 | H37: 56 | I37: =IFERROR(H37/G37,"") -> 0.22134387 | J37: =IFERROR(F37/E37,"") -> 0.9827856 | K37: =IFERROR(((F37*G37)/E37)-H37,"") -> 192.64476 | L37: =IF(K37<-10,"MUITO ADIANTADO",IF(K37<-6,"ADIANTADO",IF(K37<6,"EM DIAS",IF(K37<12,"ATRASADO","MUITO ATRASADO")))) -> MUITO ATRASADO | M37: 45450 | N37: =$B$2-M37 -> 721 | O37: =IF(N37<8,"VERIFICADO",IF(N37<15,"VERIFICAR","VERIFICAR URGENTE")) -> VERIFICAR URGENTE
A38: ERICK ANDRE PEREIRA DA SILVA | B38: =M38 -> 45453 | C38: 44900 | D38: 45356 | E38: =(D38-C38)/7 -> 65.142857 | F38: =($B$2-C38)/7 -> 181.57143 | G38: 76 | H38: 70 | I38: =IFERROR(H38/G38,"") -> 0.92105263 | J38: =IFERROR(F38/E38,"") -> 2.7872807 | K38: =IFERROR(((F38*G38)/E38)-H38,"") -> 141.83333 | L38: =IF(K38<-10,"MUITO ADIANTADO",IF(K38<-6,"ADIANTADO",IF(K38<6,"EM DIAS",IF(K38<12,"ATRASADO","MUITO ATRASADO")))) -> MUITO ATRASADO | M38: 45453 | N38: =$B$2-M38 -> 718 | O38: =IF(N38<8,"VERIFICADO",IF(N38<15,"VERIFICAR","VERIFICAR URGENTE")) -> VERIFICAR URGENTE
A39: FIUK EMANUEL ALVES LIMA | B39: =M39 -> 45454 | C39: 45187 | D39: 45708 | E39: =(D39-C39)/7 -> 74.428571 | F39: =($B$2-C39)/7 -> 140.57143 | G39: 80 | H39: 30 | K39: =IFERROR(((F39*G39)/E39)-H39,"") -> 121.09405 | L39: =IF(K39<-10,"MUITO ADIANTADO",IF(K39<-6,"ADIANTADO",IF(K39<6,"EM DIAS",IF(K39<12,"ATRASADO","MUITO ATRASADO")))) -> MUITO ATRASADO | M39: 45454 | N39: =$B$2-M39 -> 717 | O39: =IF(N39<8,"VERIFICADO",IF(N39<15,"VERIFICAR","VERIFICAR URGENTE")) -> VERIFICAR URGENTE
A40: GABRIEL HENRIQUE HOFF | B40: =M40 -> 45453 | C40: 45341 | D40: 45857 | E40: =(D40-C40)/7 -> 73.714286 | F40: =($B$2-C40)/7 -> 118.57143 | G40: 80 | H40: 19 | K40: =IFERROR(((F40*G40)/E40)-H40,"") -> 109.68217 | L40: =IF(K40<-10,"MUITO ADIANTADO",IF(K40<-6,"ADIANTADO",IF(K40<6,"EM DIAS",IF(K40<12,"ATRASADO","MUITO ATRASADO")))) -> MUITO ATRASADO | M40: 45453 | N40: =$B$2-M40 -> 718 | O40: =IF(N40<8,"VERIFICADO",IF(N40<15,"VERIFICAR","VERIFICAR URGENTE")) -> VERIFICAR URGENTE
A41: GABRIELLA FERREIRA REIS | B41: =M41 -> 45454 | C41: 45197 | D41: 46376 | E41: =(D41-C41)/7 -> 168.42857 | F41: =($B$2-C41)/7 -> 139.14286 | G41: 212 | H41: 21 | K41: =IFERROR(((F41*G41)/E41)-H41,"") -> 154.13825 | L41: =IF(K41<-10,"MUITO ADIANTADO",IF(K41<-6,"ADIANTADO",IF(K41<6,"EM DIAS",IF(K41<12,"ATRASADO","MUITO ATRASADO")))) -> MUITO ATRASADO | M41: 45454 | N41: =$B$2-M41 -> 717 | O41: =IF(N41<8,"VERIFICADO",IF(N41<15,"VERIFICAR","VERIFICAR URGENTE")) -> VERIFICAR URGENTE
A42: HENDRIWS HENRIQUE DA SILVA DE SOUZA | B42: =M42 -> 45453 | C42: 45322 | D42: 45556 | E42: =(D42-C42)/7 -> 33.428571 | F42: =($B$2-C42)/7 -> 121.28571 | G42: 145 | H42: 78 | K42: =IFERROR(((F42*G42)/E42)-H42,"") -> 448.08974 | L42: =IF(K42<-10,"MUITO ADIANTADO",IF(K42<-6,"ADIANTADO",IF(K42<6,"EM DIAS",IF(K42<12,"ATRASADO","MUITO ATRASADO")))) -> MUITO ATRASADO | M42: 45453 | N42: =$B$2-M42 -> 718 | O42: =IF(N42<8,"VERIFICADO",IF(N42<15,"VERIFICAR","VERIFICAR URGENTE")) -> VERIFICAR URGENTE
A43: INGRID SILVA DOS SANTOS | B43: =M43 -> 45453 | C43: 45054 | D43: 45545 | E43: =(D43-C43)/7 -> 70.142857 | F43: =($B$2-C43)/7 -> 159.57143 | G43: 80 | H43: 66 | I43: =IFERROR(H43/G43,"") -> 0.825 | J43: =IFERROR(F43/E43,"") -> 2.2749491 | K43: =IFERROR(((F43*G43)/E43)-H43,"") -> 115.99593 | L43: =IF(K43<-10,"MUITO ADIANTADO",IF(K43<-6,"ADIANTADO",IF(K43<6,"EM DIAS",IF(K43<12,"ATRASADO","MUITO ATRASADO")))) -> MUITO ATRASADO | M43: 45453 | N43: =$B$2-M43 -> 718 | O43: =IF(N43<8,"VERIFICADO",IF(N43<15,"VERIFICAR","VERIFICAR URGENTE")) -> VERIFICAR URGENTE
A44: ISA GABRIELLE SANTOS GOMES | B44: =M44 -> 45454 | C44: 45164 | D44: 45497 | E44: =(D44-C44)/7 -> 47.571429 | F44: =($B$2-C44)/7 -> 143.85714 | G44: 80 | H44: 80 | K44: =IFERROR(((F44*G44)/E44)-H44,"") -> 161.92192 | L44: =IF(K44<-10,"MUITO ADIANTADO",IF(K44<-6,"ADIANTADO",IF(K44<6,"EM DIAS",IF(K44<12,"ATRASADO","MUITO ATRASADO")))) -> MUITO ATRASADO | M44: 45454 | N44: =$B$2-M44 -> 717 | O44: =IF(N44<8,"VERIFICADO",IF(N44<15,"VERIFICAR","VERIFICAR URGENTE")) -> VERIFICAR URGENTE
A45: JACKSON NUNES DE CARVALHO | B45: =M45 -> 45448 | C45: 45080 | D45: 45671 | E45: =(D45-C45)/7 -> 84.428571 | F45: =($B$2-C45)/7 -> 155.85714 | G45: 180 | H45: 104 | I45: =IFERROR(H45/G45,"") -> 0.57777778 | J45: =IFERROR(F45/E45,"") -> 1.8460237 | K45: =IFERROR(((F45*G45)/E45)-H45,"") -> 228.28426 | L45: =IF(K45<-10,"MUITO ADIANTADO",IF(K45<-6,"ADIANTADO",IF(K45<6,"EM DIAS",IF(K45<12,"ATRASADO","MUITO ATRASADO")))) -> MUITO ATRASADO | M45: 45448 | N45: =$B$2-M45 -> 723 | O45: =IF(N45<8,"VERIFICADO",IF(N45<15,"VERIFICAR","VERIFICAR URGENTE")) -> VERIFICAR URGENTE
A46: JANICLEIS FELIX MACIEL FERREIRA | B46: =M46 -> 45453 | C46: 44818 | D46: 45845 | E46: =(D46-C46)/7 -> 146.71429 | F46: =($B$2-C46)/7 -> 193.28571 | G46: 188 | H46: 72 | I46: =IFERROR(H46/G46,"") -> 0.38297872 | J46: =IFERROR(F46/E46,"") -> 1.3174294 | K46: =IFERROR(((F46*G46)/E46)-H46,"") -> 175.67673 | L46: =IF(K46<-10,"MUITO ADIANTADO",IF(K46<-6,"ADIANTADO",IF(K46<6,"EM DIAS",IF(K46<12,"ATRASADO","MUITO ATRASADO")))) -> MUITO ATRASADO | M46: 45453 | N46: =$B$2-M46 -> 718 | O46: =IF(N46<8,"VERIFICADO",IF(N46<15,"VERIFICAR","VERIFICAR URGENTE")) -> VERIFICAR URGENTE
A47: JOANA CAJAIBA | B47: =M47 -> 45446 | C47: 45147 | D47: 45716 | E47: =(D47-C47)/7 -> 81.285714 | F47: =($B$2-C47)/7 -> 146.28571 | G47: 96 | H47: 57 | I47: =IFERROR(H47/G47,"") -> 0.59375 | J47: =IFERROR(F47/E47,"") -> 1.7996485 | K47: =IFERROR(((F47*G47)/E47)-H47,"") -> 115.76626 | L47: =IF(K47<-10,"MUITO ADIANTADO",IF(K47<-6,"ADIANTADO",IF(K47<6,"EM DIAS",IF(K47<12,"ATRASADO","MUITO ATRASADO")))) -> MUITO ATRASADO | M47: 45446 | N47: =$B$2-M47 -> 725 | O47: =IF(N47<8,"VERIFICADO",IF(N47<15,"VERIFICAR","VERIFICAR URGENTE")) -> VERIFICAR URGENTE
A48: JOANA DE OLIVEIRA SANTOS | B48: =M47 -> 45446 | C48: 45145 | D48: 45511 | E48: =(D48-C48)/7 -> 52.285714 | F48: =($B$2-C48)/7 -> 146.57143 | G48: 80 | H48: 65 | K48: =IFERROR(((F48*G48)/E48)-H48,"") -> 159.2623 | L48: =IF(K48<-10,"MUITO ADIANTADO",IF(K48<-6,"ADIANTADO",IF(K48<6,"EM DIAS",IF(K48<12,"ATRASADO","MUITO ATRASADO")))) -> MUITO ATRASADO | M48: 45448 | N48: =$B$2-M48 -> 723 | O48: =IF(N48<8,"VERIFICADO",IF(N48<15,"VERIFICAR","VERIFICAR URGENTE")) -> VERIFICAR URGENTE
A49: JOÃO VITOR MORREIRA DOS SANTOS | B49: =M49 -> 45453 | C49: 45159 | D49: 46803 | E49: =(D49-C49)/7 -> 234.85714 | F49: =($B$2-C49)/7 -> 144.57143 | G49: 272 | H49: 41 | K49: =IFERROR(((F49*G49)/E49)-H49,"") -> 126.43552 | L49: =IF(K49<-10,"MUITO ADIANTADO",IF(K49<-6,"ADIANTADO",IF(K49<6,"EM DIAS",IF(K49<12,"ATRASADO","MUITO ATRASADO")))) -> MUITO ATRASADO | M49: 45453 | N49: =$B$2-M49 -> 718 | O49: =IF(N49<8,"VERIFICADO",IF(N49<15,"VERIFICAR","VERIFICAR URGENTE")) -> VERIFICAR URGENTE
A50: JOVANNA ALVES DE SOUZA | B50: =M50 -> 45453 | C50: 44656 | D50: 45813 | E50: =(D50-C50)/7 -> 165.28571 | F50: =($B$2-C50)/7 -> 216.42857 | G50: 251 | H50: 108 | I50: =IFERROR(H50/G50,"") -> 0.43027888 | J50: =IFERROR(F50/E50,"") -> 1.3094209 | K50: =IFERROR(((F50*G50)/E50)-H50,"") -> 220.66465 | L50: =IF(K50<-10,"MUITO ADIANTADO",IF(K50<-6,"ADIANTADO",IF(K50<6,"EM DIAS",IF(K50<12,"ATRASADO","MUITO ATRASADO")))) -> MUITO ATRASADO | M50: 45453 | N50: =$B$2-M50 -> 718 | O50: =IF(N50<8,"VERIFICADO",IF(N50<15,"VERIFICAR","VERIFICAR URGENTE")) -> VERIFICAR URGENTE
A51: JUAN DA SILVA COSTA | B51: =M51 -> 45453 | C51: 45051 | D51: 45473 | E51: =(D51-C51)/7 -> 60.285714 | F51: =($B$2-C51)/7 -> 160 | G51: 64 | H51: 59 | I51: =IFERROR(H51/G51,"") -> 0.921875 | J51: =IFERROR(F51/E51,"") -> 2.6540284 | K51: =IFERROR(((F51*G51)/E51)-H51,"") -> 110.85782 | L51: =IF(K51<-10,"MUITO ADIANTADO",IF(K51<-6,"ADIANTADO",IF(K51<6,"EM DIAS",IF(K51<12,"ATRASADO","MUITO ATRASADO")))) -> MUITO ATRASADO | M51: 45453 | N51: =$B$2-M51 -> 718 | O51: =IF(N51<8,"VERIFICADO",IF(N51<15,"VERIFICAR","VERIFICAR URGENTE")) -> VERIFICAR URGENTE
A52: JUAN PEDRO TELES DA SILVA | B52: =M52 -> 45453 | C52: 45178 | D52: 45708 | E52: =(D52-C52)/7 -> 75.714286 | F52: =($B$2-C52)/7 -> 141.85714 | G52: 80 | H52: 40 | K52: =IFERROR(((F52*G52)/E52)-H52,"") -> 109.88679 | L52: =IF(K52<-10,"MUITO ADIANTADO",IF(K52<-6,"ADIANTADO",IF(K52<6,"EM DIAS",IF(K52<12,"ATRASADO","MUITO ATRASADO")))) -> MUITO ATRASADO | M52: 45453 | N52: =$B$2-M52 -> 718 | O52: =IF(N52<8,"VERIFICADO",IF(N52<15,"VERIFICAR","VERIFICAR URGENTE")) -> VERIFICAR URGENTE
A53: KELY VITÓRIA SANTOS EVANGELISTA | B53: =M53 -> 45454 | C53: 44722 | D53: 45606 | E53: =(D53-C53)/7 -> 126.28571 | F53: =($B$2-C53)/7 -> 207 | G53: 202 | H53: 145 | I53: =IFERROR(H53/G53,"") -> 0.71782178 | J53: =IFERROR(F53/E53,"") -> 1.6391403 | K53: =IFERROR(((F53*G53)/E53)-H53,"") -> 186.10633 | L53: =IF(K53<-10,"MUITO ADIANTADO",IF(K53<-6,"ADIANTADO",IF(K53<6,"EM DIAS",IF(K53<12,"ATRASADO","MUITO ATRASADO")))) -> MUITO ATRASADO | M53: 45454 | N53: =$B$2-M53 -> 717 | O53: =IF(N53<8,"VERIFICADO",IF(N53<15,"VERIFICAR","VERIFICAR URGENTE")) -> VERIFICAR URGENTE
A54: LARISSA ALVES RODRIGUES | B54: =M54 -> 45450 | C54: 45208 | D54: 46051 | E54: =(D54-C54)/7 -> 120.42857 | F54: =($B$2-C54)/7 -> 137.57143 | G54: 144 | H54: 52 | K54: =IFERROR(((F54*G54)/E54)-H54,"") -> 112.49822 | L54: =IF(K54<-10,"MUITO ADIANTADO",IF(K54<-6,"ADIANTADO",IF(K54<6,"EM DIAS",IF(K54<12,"ATRASADO","MUITO ATRASADO")))) -> MUITO ATRASADO | M54: 45450 | N54: =$B$2-M54 -> 721 | O54: =IF(N54<8,"VERIFICADO",IF(N54<15,"VERIFICAR","VERIFICAR URGENTE")) -> VERIFICAR URGENTE
A55: LUCAS ALMEIDA BARBOSA | B55: =M55 -> 45453 | C55: 44886 | D55: 46180 | E55: =(D55-C55)/7 -> 184.85714 | F55: =($B$2-C55)/7 -> 183.57143 | G55: 253 | H55: 75 | I55: =IFERROR(H55/G55,"") -> 0.29644269 | J55: =IFERROR(F55/E55,"") -> 0.99304482 | K55: =IFERROR(((F55*G55)/E55)-H55,"") -> 176.24034 | L55: =IF(K55<-10,"MUITO ADIANTADO",IF(K55<-6,"ADIANTADO",IF(K55<6,"EM DIAS",IF(K55<12,"ATRASADO","MUITO ATRASADO")))) -> MUITO ATRASADO | M55: 45453 | N55: =$B$2-M55 -> 718 | O55: =IF(N55<8,"VERIFICADO",IF(N55<15,"VERIFICAR","VERIFICAR URGENTE")) -> VERIFICAR URGENTE
A56: MADNA ESTEFFANY MEDRADO DA CRUZ | B56: =M56 -> 45453 | C56: 45439 | D56: 46351 | E56: =(D56-C56)/7 -> 130.28571 | F56: =($B$2-C56)/7 -> 104.57143 | G56: 112 | H56: 2 | I56: =IFERROR(H56/G56,"") -> 0.017857143 | J56: =IFERROR(F56/E56,"") -> 0.80263158 | K56: =IFERROR(((F56*G56)/E56)-H56,"") -> 87.894737 | L56: =IF(K56<-10,"MUITO ADIANTADO",IF(K56<-6,"ADIANTADO",IF(K56<6,"EM DIAS",IF(K56<12,"ATRASADO","MUITO ATRASADO")))) -> MUITO ATRASADO | M56: 45453 | N56: =$B$2-M56 -> 718 | O56: =IF(N56<8,"VERIFICADO",IF(N56<15,"VERIFICAR","VERIFICAR URGENTE")) -> VERIFICAR URGENTE
A57: MARIA GABRYELLE MOREIRA NASCIMENTO | B57: =M57 -> 45448 | C57: 45194 | D57: 45741 | E57: =(D57-C57)/7 -> 78.142857 | F57: =($B$2-C57)/7 -> 139.57143 | G57: 96 | H57: 50 | K57: =IFERROR(((F57*G57)/E57)-H57,"") -> 121.46618 | L57: =IF(K57<-10,"MUITO ADIANTADO",IF(K57<-6,"ADIANTADO",IF(K57<6,"EM DIAS",IF(K57<12,"ATRASADO","MUITO ATRASADO")))) -> MUITO ATRASADO | M57: 45448 | N57: =$B$2-M57 -> 723 | O57: =IF(N57<8,"VERIFICADO",IF(N57<15,"VERIFICAR","VERIFICAR URGENTE")) -> VERIFICAR URGENTE
A58: MARIA VITORIA MORAIS RODRIGUES | B58: =M58 -> 45448 | C58: 45131 | D58: 46041 | E58: =(D58-C58)/7 -> 130 | F58: =($B$2-C58)/7 -> 148.57143 | G58: 160 | H58: 50 | I58: =IFERROR(H58/G58,"") -> 0.3125 | J58: =IFERROR(F58/E58,"") -> 1.1428571 | K58: =IFERROR(((F58*G58)/E58)-H58,"") -> 132.85714 | L58: =IF(K58<-10,"MUITO ADIANTADO",IF(K58<-6,"ADIANTADO",IF(K58<6,"EM DIAS",IF(K58<12,"ATRASADO","MUITO ATRASADO")))) -> MUITO ATRASADO | M58: 45448 | N58: =$B$2-M58 -> 723 | O58: =IF(N58<8,"VERIFICADO",IF(N58<15,"VERIFICAR","VERIFICAR URGENTE")) -> VERIFICAR URGENTE
A59: MATHIAS FIGUEREDO PEREIRA | B59: =M59 -> 45453 | C59: 45271 | D59: 46193 | E59: =(D59-C59)/7 -> 131.71429 | F59: =($B$2-C59)/7 -> 128.57143 | G59: 128 | H59: 27 | K59: =IFERROR(((F59*G59)/E59)-H59,"") -> 97.94577 | L59: =IF(K59<-10,"MUITO ADIANTADO",IF(K59<-6,"ADIANTADO",IF(K59<6,"EM DIAS",IF(K59<12,"ATRASADO","MUITO ATRASADO")))) -> MUITO ATRASADO | M59: 45453 | N59: =$B$2-M59 -> 718 | O59: =IF(N59<8,"VERIFICADO",IF(N59<15,"VERIFICAR","VERIFICAR URGENTE")) -> VERIFICAR URGENTE
A60: MAYCON DA SILVA RIBEIRO | B60: =M60 -> 45453 | C60: 44706 | D60: 45863 | E60: =(D60-C60)/7 -> 165.28571 | F60: =($B$2-C60)/7 -> 209.28571 | G60: 267 | H60: 152 | I60: =IFERROR(H60/G60,"") -> 0.56928839 | J60: =IFERROR(F60/E60,"") -> 1.2662057 | K60: =IFERROR(((F60*G60)/E60)-H60,"") -> 186.07692 | L60: =IF(K60<-10,"MUITO ADIANTADO",IF(K60<-6,"ADIANTADO",IF(K60<6,"EM DIAS",IF(K60<12,"ATRASADO","MUITO ATRASADO")))) -> MUITO ATRASADO | M60: 45453 | N60: =$B$2-M60 -> 718 | O60: =IF(N60<8,"VERIFICADO",IF(N60<15,"VERIFICAR","VERIFICAR URGENTE")) -> VERIFICAR URGENTE
A61: MIKAEL NASCIMENTO DA SILVA | B61: =M61 -> 45453 | C61: 45124 | D61: 46244 | E61: =(D61-C61)/7 -> 160 | F61: =($B$2-C61)/7 -> 149.57143 | G61: 192 | H61: 56 | I61: =IFERROR(H61/G61,"") -> 0.29166667 | J61: =IFERROR(F61/E61,"") -> 0.93482143 | K61: =IFERROR(((F61*G61)/E61)-H61,"") -> 123.48571 | L61: =IF(K61<-10,"MUITO ADIANTADO",IF(K61<-6,"ADIANTADO",IF(K61<6,"EM DIAS",IF(K61<12,"ATRASADO","MUITO ATRASADO")))) -> MUITO ATRASADO | M61: 45453 | N61: =$B$2-M61 -> 718 | O61: =IF(N61<8,"VERIFICADO",IF(N61<15,"VERIFICAR","VERIFICAR URGENTE")) -> VERIFICAR URGENTE
A62: NAIANA DOS SANTOS | B62: =M62 -> 45453 | C62: 44706 | D62: 45665 | E62: =(D62-C62)/7 -> 137 | F62: =($B$2-C62)/7 -> 209.28571 | G62: 188 | H62: 99 | I62: =IFERROR(H62/G62,"") -> 0.52659574 | J62: =IFERROR(F62/E62,"") -> 1.527633 | K62: =IFERROR(((F62*G62)/E62)-H62,"") -> 188.19499 | L62: =IF(K62<-10,"MUITO ADIANTADO",IF(K62<-6,"ADIANTADO",IF(K62<6,"EM DIAS",IF(K62<12,"ATRASADO","MUITO ATRASADO")))) -> MUITO ATRASADO | M62: 45453 | N62: =$B$2-M62 -> 718 | O62: =IF(N62<8,"VERIFICADO",IF(N62<15,"VERIFICAR","VERIFICAR URGENTE")) -> VERIFICAR URGENTE
A63: NATASHA HEVELLY DA COSTA RIBEIRO | B63: =M63 -> 45453 | C63: 45008 | D63: 45644 | E63: =(D63-C63)/7 -> 90.857143 | F63: =($B$2-C63)/7 -> 166.14286 | G63: 80 | H63: 42 | K63: =IFERROR(((F63*G63)/E63)-H63,"") -> 104.28931 | L63: =IF(K63<-10,"MUITO ADIANTADO",IF(K63<-6,"ADIANTADO",IF(K63<6,"EM DIAS",IF(K63<12,"ATRASADO","MUITO ATRASADO")))) -> MUITO ATRASADO | M63: 45453 | N63: =$B$2-M63 -> 718 | O63: =IF(N63<8,"VERIFICADO",IF(N63<15,"VERIFICAR","VERIFICAR URGENTE")) -> VERIFICAR URGENTE
A64: PEDRO HENRIQUE CIESLINSKI DE MELO | B64: =M64 -> 45453 | C64: 44893 | D64: 46224 | E64: =(D64-C64)/7 -> 190.14286 | F64: =($B$2-C64)/7 -> 182.57143 | G64: 253 | H64: 79 | I64: =IFERROR(H64/G64,"") -> 0.31225296 | J64: =IFERROR(F64/E64,"") -> 0.96018032 | K64: =IFERROR(((F64*G64)/E64)-H64,"") -> 163.92562 | L64: =IF(K64<-10,"MUITO ADIANTADO",IF(K64<-6,"ADIANTADO",IF(K64<6,"EM DIAS",IF(K64<12,"ATRASADO","MUITO ATRASADO")))) -> MUITO ATRASADO | M64: 45453 | N64: =$B$2-M64 -> 718 | O64: =IF(N64<8,"VERIFICADO",IF(N64<15,"VERIFICAR","VERIFICAR URGENTE")) -> VERIFICAR URGENTE
A65: RAISSA FELIX MACIEL FERREIRA | B65: =M65 -> 45453 | C65: 45054 | D65: 45615 | E65: =(D65-C65)/7 -> 80.142857 | F65: =($B$2-C65)/7 -> 159.57143 | G65: 80 | H65: 57 | I65: =IFERROR(H65/G65,"") -> 0.7125 | J65: =IFERROR(F65/E65,"") -> 1.9910873 | K65: =IFERROR(((F65*G65)/E65)-H65,"") -> 102.28699 | L65: =IF(K65<-10,"MUITO ADIANTADO",IF(K65<-6,"ADIANTADO",IF(K65<6,"EM DIAS",IF(K65<12,"ATRASADO","MUITO ATRASADO")))) -> MUITO ATRASADO | M65: 45453 | N65: =$B$2-M65 -> 718 | O65: =IF(N65<8,"VERIFICADO",IF(N65<15,"VERIFICAR","VERIFICAR URGENTE")) -> VERIFICAR URGENTE
A66: RICARDS DOS SANTOS FEITOZA | B66: =M66 -> 45454 | C66: 44833 | D66: 45669 | E66: =(D66-C66)/7 -> 119.42857 | F66: =($B$2-C66)/7 -> 191.14286 | G66: 177 | H66: 74 | I66: =IFERROR(H66/G66,"") -> 0.4180791 | J66: =IFERROR(F66/E66,"") -> 1.6004785 | K66: =IFERROR(((F66*G66)/E66)-H66,"") -> 209.28469 | L66: =IF(K66<-10,"MUITO ADIANTADO",IF(K66<-6,"ADIANTADO",IF(K66<6,"EM DIAS",IF(K66<12,"ATRASADO","MUITO ATRASADO")))) -> MUITO ATRASADO | M66: 45454 | N66: =$B$2-M66 -> 717 | O66: =IF(N66<8,"VERIFICADO",IF(N66<15,"VERIFICAR","VERIFICAR URGENTE")) -> VERIFICAR URGENTE
A67: RIGNER DOS SANTOS MOREIRA | B67: =M67 -> 45453 | C67: 44844 | D67: 46122 | E67: =(D67-C67)/7 -> 182.57143 | F67: =($B$2-C67)/7 -> 189.57143 | G67: 251 | H67: 98 | I67: 34 | J67: 34 | K67: =IFERROR(((F67*G67)/E67)-H67,"") -> 162.62363 | L67: =IF(K67<-10,"MUITO ADIANTADO",IF(K67<-6,"ADIANTADO",IF(K67<6,"EM DIAS",IF(K67<12,"ATRASADO","MUITO ATRASADO")))) -> MUITO ATRASADO | M67: 45453 | N67: =$B$2-M67 -> 718 | O67: =IF(N67<8,"VERIFICADO",IF(N67<15,"VERIFICAR","VERIFICAR URGENTE")) -> VERIFICAR URGENTE
A68: RYAN SODRE DE SOUZA | B68: =M68 -> 45453 | C68: 45327 | D68: 45570 | E68: =(D68-C68)/7 -> 34.714286 | F68: =($B$2-C68)/7 -> 120.57143 | G68: 48 | H68: 30 | K68: =IFERROR(((F68*G68)/E68)-H68,"") -> 136.71605 | L68: =IF(K68<-10,"MUITO ADIANTADO",IF(K68<-6,"ADIANTADO",IF(K68<6,"EM DIAS",IF(K68<12,"ATRASADO","MUITO ATRASADO")))) -> MUITO ATRASADO | M68: 45453 | N68: =$B$2-M68 -> 718 | O68: =IF(N68<8,"VERIFICADO",IF(N68<15,"VERIFICAR","VERIFICAR URGENTE")) -> VERIFICAR URGENTE
A69: SAMUEL RODRIGUES DA SILVA | B69: =M69 -> 45453 | C69: 44802 | D69: 45940 | E69: =(D69-C69)/7 -> 162.57143 | F69: =($B$2-C69)/7 -> 195.57143 | G69: 251 | H69: 116 | I69: =IFERROR(H69/G69,"") -> 0.46215139 | J69: =IFERROR(F69/E69,"") -> 1.2029877 | K69: =IFERROR(((F69*G69)/E69)-H69,"") -> 185.94991 | L69: =IF(K69<-10,"MUITO ADIANTADO",IF(K69<-6,"ADIANTADO",IF(K69<6,"EM DIAS",IF(K69<12,"ATRASADO","MUITO ATRASADO")))) -> MUITO ATRASADO | M69: 45453 | N69: =$B$2-M69 -> 718 | O69: =IF(N69<8,"VERIFICADO",IF(N69<15,"VERIFICAR","VERIFICAR URGENTE")) -> VERIFICAR URGENTE
A70: THIAGO SANTOS DA ROCHA | B70: =M70 -> 45453 | C70: 45034 | D70: 46650 | E70: =(D70-C70)/7 -> 230.85714 | F70: =($B$2-C70)/7 -> 162.42857 | G70: 257 | H70: 64 | I70: =IFERROR(H70/G70,"") -> 0.24902724 | J70: =IFERROR(F70/E70,"") -> 0.70358911 | K70: =IFERROR(((F70*G70)/E70)-H70,"") -> 116.8224 | L70: =IF(K70<-10,"MUITO ADIANTADO",IF(K70<-6,"ADIANTADO",IF(K70<6,"EM DIAS",IF(K70<12,"ATRASADO","MUITO ATRASADO")))) -> MUITO ATRASADO | M70: 45453 | N70: =$B$2-M70 -> 718 | O70: =IF(N70<8,"VERIFICADO",IF(N70<15,"VERIFICAR","VERIFICAR URGENTE")) -> VERIFICAR URGENTE
A71: VINÍCIUS MACEDO FERREIRA | B71: =M71 -> 45454 | C71: 45044 | D71: 45777 | E71: =(D71-C71)/7 -> 104.71429 | F71: =($B$2-C71)/7 -> 161 | G71: 104 | H71: 58 | I71: =IFERROR(H71/G71,"") -> 0.55769231 | J71: =IFERROR(F71/E71,"") -> 1.5375171 | K71: =IFERROR(((F71*G71)/E71)-H71,"") -> 101.90177 | L71: =IF(K71<-10,"MUITO ADIANTADO",IF(K71<-6,"ADIANTADO",IF(K71<6,"EM DIAS",IF(K71<12,"ATRASADO","MUITO ATRASADO")))) -> MUITO ATRASADO | M71: 45454 | N71: =$B$2-M71 -> 717 | O71: =IF(N71<8,"VERIFICADO",IF(N71<15,"VERIFICAR","VERIFICAR URGENTE")) -> VERIFICAR URGENTE
A72: VITOR HUGO DE SOUZA ARAÚJO | B72: =M72 -> 45453 | C72: 45092 | D72: 45611 | E72: =(D72-C72)/7 -> 74.142857 | F72: =($B$2-C72)/7 -> 154.14286 | G72: 80 | H72: 40 | I72: =IFERROR(H72/G72,"") -> 0.5 | J72: =IFERROR(F72/E72,"") -> 2.0789981 | K72: =IFERROR(((F72*G72)/E72)-H72,"") -> 126.31985 | L72: =IF(K72<-10,"MUITO ADIANTADO",IF(K72<-6,"ADIANTADO",IF(K72<6,"EM DIAS",IF(K72<12,"ATRASADO","MUITO ATRASADO")))) -> MUITO ATRASADO | M72: 45453 | N72: =$B$2-M72 -> 718 | O72: =IF(N72<8,"VERIFICADO",IF(N72<15,"VERIFICAR","VERIFICAR URGENTE")) -> VERIFICAR URGENTE
A73: VITORIA FIGUEREDO DE ALMEIDA | B73: =M73 -> 45447 | C73: 45054 | D73: 45575 | E73: =(D73-C73)/7 -> 74.428571 | F73: =($B$2-C73)/7 -> 159.57143 | G73: 80 | H73: 61 | I73: =IFERROR(H73/G73,"") -> 0.7625 | J73: =IFERROR(F73/E73,"") -> 2.1439539 | K73: =IFERROR(((F73*G73)/E73)-H73,"") -> 110.51631 | L73: =IF(K73<-10,"MUITO ADIANTADO",IF(K73<-6,"ADIANTADO",IF(K73<6,"EM DIAS",IF(K73<12,"ATRASADO","MUITO ATRASADO")))) -> MUITO ATRASADO | M73: 45447 | N73: =$B$2-M73 -> 724 | O73: =IF(N73<8,"VERIFICADO",IF(N73<15,"VERIFICAR","VERIFICAR URGENTE")) -> VERIFICAR URGENTE
A74: ROBÉRIO OLIVEIRA SILVA MIRANDA JUNIOR | B74: =M74 -> 45450 | C74: 45318 | D74: 45896 | E74: =(D74-C74)/7 -> 82.571429 | F74: =($B$2-C74)/7 -> 121.85714 | G74: 80 | H74: 25 | K74: =IFERROR(((F74*G74)/E74)-H74,"") -> 93.062284 | L74: =IF(K74<-10,"MUITO ADIANTADO",IF(K74<-6,"ADIANTADO",IF(K74<6,"EM DIAS",IF(K74<12,"ATRASADO","MUITO ATRASADO")))) -> MUITO ATRASADO | M74: 45450 | N74: =$B$2-M74 -> 721 | O74: =IF(N74<8,"VERIFICADO",IF(N74<15,"VERIFICAR","VERIFICAR URGENTE")) -> VERIFICAR URGENTE
A75: YASMIM CLARA BRANDÃO FREITAS | B75: =M75 -> 45453 | C75: 45152 | D75: 45730 | E75: =(D75-C75)/7 -> 82.571429 | F75: =($B$2-C75)/7 -> 145.57143 | G75: 80 | H75: 39 | K75: =IFERROR(((F75*G75)/E75)-H75,"") -> 102.03806 | L75: =IF(K75<-10,"MUITO ADIANTADO",IF(K75<-6,"ADIANTADO",IF(K75<6,"EM DIAS",IF(K75<12,"ATRASADO","MUITO ATRASADO")))) -> MUITO ATRASADO | M75: 45453 | N75: =$B$2-M75 -> 718 | O75: =IF(N75<8,"VERIFICADO",IF(N75<15,"VERIFICAR","VERIFICAR URGENTE")) -> VERIFICAR URGENTE
A76: ANNY KETHELLEY DA CRUZ SILVA | B76: =M76 -> 45450 | C76: 44911 | D76: 46287 | E76: =(D76-C76)/7 -> 196.57143 | F76: =($B$2-C76)/7 -> 180 | G76: 253 | H76: 97 | K76: =IFERROR(((F76*G76)/E76)-H76,"") -> 134.67151 | L76: =IF(K76<-10,"MUITO ADIANTADO",IF(K76<-6,"ADIANTADO",IF(K76<6,"EM DIAS",IF(K76<12,"ATRASADO","MUITO ATRASADO")))) -> MUITO ATRASADO | M76: 45450 | N76: =$B$2-M76 -> 721 | O76: =IF(N76<8,"VERIFICADO",IF(N76<15,"VERIFICAR","VERIFICAR URGENTE")) -> VERIFICAR URGENTE
A77: CAIO CERQUEIRA GOMES | B77: =M77 -> 45450 | C77: 45383 | D77: 45925 | E77: =(D77-C77)/7 -> 77.428571 | F77: =($B$2-C77)/7 -> 112.57143 | G77: 80 | H77: 11 | K77: =IFERROR(((F77*G77)/E77)-H77,"") -> 105.30996 | L77: =IF(K77<-10,"MUITO ADIANTADO",IF(K77<-6,"ADIANTADO",IF(K77<6,"EM DIAS",IF(K77<12,"ATRASADO","MUITO ATRASADO")))) -> MUITO ATRASADO | M77: 45450 | N77: =$B$2-M77 -> 721 | O77: =IF(N77<8,"VERIFICADO",IF(N77<15,"VERIFICAR","VERIFICAR URGENTE")) -> VERIFICAR URGENTE
A78: AMANDA NOLASCO BARROS | B78: =M78 -> 45448 | C78: 44895 | D78: 46233 | E78: =(D78-C78)/7 -> 191.14286 | F78: =($B$2-C78)/7 -> 182.28571 | G78: 253 | H78: 80 | I78: =IFERROR(H78/G78,"") -> 0.31620553 | J78: =IFERROR(F78/E78,"") -> 0.95366218 | K78: =IFERROR(((F78*G78)/E78)-H78,"") -> 161.27653 | L78: =IF(K78<-10,"MUITO ADIANTADO",IF(K78<-6,"ADIANTADO",IF(K78<6,"EM DIAS",IF(K78<12,"ATRASADO","MUITO ATRASADO")))) -> MUITO ATRASADO | M78: 45448 | N78: =$B$2-M78 -> 723 | O78: =IF(N78<8,"VERIFICADO",IF(N78<15,"VERIFICAR","VERIFICAR URGENTE")) -> VERIFICAR URGENTE
A79: ANA BEATRIZ DA SILVA DOS SANTOS | B79: =M79 -> 45454 | C79: 45059 | D79: 46633 | E79: =(D79-C79)/7 -> 224.85714 | F79: =($B$2-C79)/7 -> 158.85714 | G79: 257 | H79: 51 | I79: =IFERROR(H79/G79,"") -> 0.19844358 | J79: =IFERROR(F79/E79,"") -> 0.7064803 | K79: =IFERROR(((F79*G79)/E79)-H79,"") -> 130.56544 | L79: =IF(K79<-10,"MUITO ADIANTADO",IF(K79<-6,"ADIANTADO",IF(K79<6,"EM DIAS",IF(K79<12,"ATRASADO","MUITO ATRASADO")))) -> MUITO ATRASADO | M79: 45454 | N79: =$B$2-M79 -> 717 | O79: =IF(N79<8,"VERIFICADO",IF(N79<15,"VERIFICAR","VERIFICAR URGENTE")) -> VERIFICAR URGENTE
A80: ANANDA MARIANE GAMA RODRIGUES | B80: =M80 -> 45448 | C80: 45192 | D80: 45711 | E80: =(D80-C80)/7 -> 74.142857 | F80: =($B$2-C80)/7 -> 139.85714 | G80: 80 | H80: 36 | K80: =IFERROR(((F80*G80)/E80)-H80,"") -> 114.90559 | L80: =IF(K80<-10,"MUITO ADIANTADO",IF(K80<-6,"ADIANTADO",IF(K80<6,"EM DIAS",IF(K80<12,"ATRASADO","MUITO ATRASADO")))) -> MUITO ATRASADO | M80: 45448 | N80: =$B$2-M80 -> 723 | O80: =IF(N80<8,"VERIFICADO",IF(N80<15,"VERIFICAR","VERIFICAR URGENTE")) -> VERIFICAR URGENTE
A81: CARLOS HENRIQUE CARVALHO DE SENNA | B81: =M81 -> 45450 | C81: 45156 | D81: 46770 | E81: =(D81-C81)/7 -> 230.57143 | F81: =($B$2-C81)/7 -> 145 | G81: 256 | H81: 38 | K81: =IFERROR(((F81*G81)/E81)-H81,"") -> 122.99133 | L81: =IF(K81<-10,"MUITO ADIANTADO",IF(K81<-6,"ADIANTADO",IF(K81<6,"EM DIAS",IF(K81<12,"ATRASADO","MUITO ATRASADO")))) -> MUITO ATRASADO | M81: 45450 | N81: =$B$2-M81 -> 721 | O81: =IF(N81<8,"VERIFICADO",IF(N81<15,"VERIFICAR","VERIFICAR URGENTE")) -> VERIFICAR URGENTE
A82: CLÁUDIA MARIA DOS SANTOS | B82: =M82 -> 45450 | C82: 45324 | D82: 45475 | E82: =(D82-C82)/7 -> 21.571429 | F82: =($B$2-C82)/7 -> 121 | G82: 16 | H82: 12 | K82: =IFERROR(((F82*G82)/E82)-H82,"") -> 77.748344 | L82: =IF(K82<-10,"MUITO ADIANTADO",IF(K82<-6,"ADIANTADO",IF(K82<6,"EM DIAS",IF(K82<12,"ATRASADO","MUITO ATRASADO")))) -> MUITO ATRASADO | M82: 45450 | N82: =$B$2-M82 -> 721 | O82: =IF(N82<8,"VERIFICADO",IF(N82<15,"VERIFICAR","VERIFICAR URGENTE")) -> VERIFICAR URGENTE
A83: DIMAS BATISTA GONÇALVES | B83: =M83 -> 45451 | C83: 45276 | D83: 45854 | E83: =(D83-C83)/7 -> 82.571429 | F83: =($B$2-C83)/7 -> 127.85714 | G83: 80 | H83: 12 | K83: =IFERROR(((F83*G83)/E83)-H83,"") -> 111.87543 | L83: =IF(K83<-10,"MUITO ADIANTADO",IF(K83<-6,"ADIANTADO",IF(K83<6,"EM DIAS",IF(K83<12,"ATRASADO","MUITO ATRASADO")))) -> MUITO ATRASADO | M83: 45451 | N83: =$B$2-M83 -> 720 | O83: =IF(N83<8,"VERIFICADO",IF(N83<15,"VERIFICAR","VERIFICAR URGENTE")) -> VERIFICAR URGENTE
A84: DJHENIFFER OLIVEIRA SANTOS | B84: =M84 -> 45451 | C84: 44737 | D84: 45949 | E84: =(D84-C84)/7 -> 173.14286 | F84: =($B$2-C84)/7 -> 204.85714 | G84: 267 | H84: 128 | I84: =IFERROR(H84/G84,"") -> 0.47940075 | J84: =IFERROR(F84/E84,"") -> 1.1831683 | K84: =IFERROR(((F84*G84)/E84)-H84,"") -> 187.90594 | L84: =IF(K84<-10,"MUITO ADIANTADO",IF(K84<-6,"ADIANTADO",IF(K84<6,"EM DIAS",IF(K84<12,"ATRASADO","MUITO ATRASADO")))) -> MUITO ATRASADO | M84: 45451 | N84: =$B$2-M84 -> 720 | O84: =IF(N84<8,"VERIFICADO",IF(N84<15,"VERIFICAR","VERIFICAR URGENTE")) -> VERIFICAR URGENTE
A85: EDINA PEREIRA DOS SANTOS | B85: =M85 -> 45451 | C85: 45146 | D85: 45829 | E85: =(D85-C85)/7 -> 97.571429 | F85: =($B$2-C85)/7 -> 146.42857 | G85: 80 | H85: 23 | K85: =IFERROR(((F85*G85)/E85)-H85,"") -> 97.058565 | L85: =IF(K85<-10,"MUITO ADIANTADO",IF(K85<-6,"ADIANTADO",IF(K85<6,"EM DIAS",IF(K85<12,"ATRASADO","MUITO ATRASADO")))) -> MUITO ATRASADO | M85: 45451 | N85: =$B$2-M85 -> 720 | O85: =IF(N85<8,"VERIFICADO",IF(N85<15,"VERIFICAR","VERIFICAR URGENTE")) -> VERIFICAR URGENTE
A86: EVELLEN ENDRIELLE DE JESUS GONZAGA | B86: =M86 -> 45451 | C86: 44980 | D86: 45823 | E86: =(D86-C86)/7 -> 120.42857 | F86: =($B$2-C86)/7 -> 170.14286 | G86: 177 | H86: 59 | I86: =IFERROR(H86/G86,"") -> 0.33333333 | J86: =IFERROR(F86/E86,"") -> 1.4128114 | K86: =IFERROR(((F86*G86)/E86)-H86,"") -> 191.06762 | L86: =IF(K86<-10,"MUITO ADIANTADO",IF(K86<-6,"ADIANTADO",IF(K86<6,"EM DIAS",IF(K86<12,"ATRASADO","MUITO ATRASADO")))) -> MUITO ATRASADO | M86: 45451 | N86: =$B$2-M86 -> 720 | O86: =IF(N86<8,"VERIFICADO",IF(N86<15,"VERIFICAR","VERIFICAR URGENTE")) -> VERIFICAR URGENTE
A87: FLAVIO MESQUITA DE BRITO | B87: =M87 -> 45451 | C87: 45171 | D87: 45734 | E87: =(D87-C87)/7 -> 80.428571 | F87: =($B$2-C87)/7 -> 142.85714 | G87: 80 | H87: 34 | K87: =IFERROR(((F87*G87)/E87)-H87,"") -> 108.09591 | L87: =IF(K87<-10,"MUITO ADIANTADO",IF(K87<-6,"ADIANTADO",IF(K87<6,"EM DIAS",IF(K87<12,"ATRASADO","MUITO ATRASADO")))) -> MUITO ATRASADO | M87: 45451 | N87: =$B$2-M87 -> 720 | O87: =IF(N87<8,"VERIFICADO",IF(N87<15,"VERIFICAR","VERIFICAR URGENTE")) -> VERIFICAR URGENTE
A88: DAVI DOURADO DA CRUZ SILVA | B88: =M88 -> 45450 | C88: 45079 | D88: 45641 | E88: =(D88-C88)/7 -> 80.285714 | F88: =($B$2-C88)/7 -> 156 | G88: 96 | H88: 65 | I88: =IFERROR(H88/G88,"") -> 0.67708333 | J88: =IFERROR(F88/E88,"") -> 1.9430605 | K88: =IFERROR(((F88*G88)/E88)-H88,"") -> 121.53381 | L88: =IF(K88<-10,"MUITO ADIANTADO",IF(K88<-6,"ADIANTADO",IF(K88<6,"EM DIAS",IF(K88<12,"ATRASADO","MUITO ATRASADO")))) -> MUITO ATRASADO | M88: 45450 | N88: =$B$2-M88 -> 721 | O88: =IF(N88<8,"VERIFICADO",IF(N88<15,"VERIFICAR","VERIFICAR URGENTE")) -> VERIFICAR URGENTE
A89: GEOVANIA DA CONCEIÇÃO DE SOUZA | B89: =M89 -> 45451 | C89: 44890 | D89: 45454 | E89: =(D89-C89)/7 -> 80.571429 | F89: =($B$2-C89)/7 -> 183 | G89: 76 | H89: 80 | K89: =IFERROR(((F89*G89)/E89)-H89,"") -> 92.617021 | L89: =IF(K89<-10,"MUITO ADIANTADO",IF(K89<-6,"ADIANTADO",IF(K89<6,"EM DIAS",IF(K89<12,"ATRASADO","MUITO ATRASADO")))) -> MUITO ATRASADO | M89: 45451 | N89: =$B$2-M89 -> 720 | O89: =IF(N89<8,"VERIFICADO",IF(N89<15,"VERIFICAR","VERIFICAR URGENTE")) -> VERIFICAR URGENTE
A90: GIOVANNA BORGES DA PAIXÃO | B90: =M90 -> 45451 | C90: 44900 | D90: 46199 | E90: =(D90-C90)/7 -> 185.57143 | F90: =($B$2-C90)/7 -> 181.57143 | G90: 253 | H90: 48 | I90: =IFERROR(H90/G90,"") -> 0.18972332 | J90: =IFERROR(F90/E90,"") -> 0.97844496 | K90: =IFERROR(((F90*G90)/E90)-H90,"") -> 199.54657 | L90: =IF(K90<-10,"MUITO ADIANTADO",IF(K90<-6,"ADIANTADO",IF(K90<6,"EM DIAS",IF(K90<12,"ATRASADO","MUITO ATRASADO")))) -> MUITO ATRASADO | M90: 45451 | N90: =$B$2-M90 -> 720 | O90: =IF(N90<8,"VERIFICADO",IF(N90<15,"VERIFICAR","VERIFICAR URGENTE")) -> VERIFICAR URGENTE
A91: HÍCARO RUAN DE MELO DA SILVA | B91: =M91 -> 45451 | C91: 44895 | D91: 45427 | E91: =(D91-C91)/7 -> 76 | F91: =($B$2-C91)/7 -> 182.28571 | G91: 76 | H91: 48 | I91: =IFERROR(H91/G91,"") -> 0.63157895 | J91: =IFERROR(F91/E91,"") -> 2.3984962 | K91: =IFERROR(((F91*G91)/E91)-H91,"") -> 134.28571 | L91: =IF(K91<-10,"MUITO ADIANTADO",IF(K91<-6,"ADIANTADO",IF(K91<6,"EM DIAS",IF(K91<12,"ATRASADO","MUITO ATRASADO")))) -> MUITO ATRASADO | M91: 45451 | N91: =$B$2-M91 -> 720 | O91: =IF(N91<8,"VERIFICADO",IF(N91<15,"VERIFICAR","VERIFICAR URGENTE")) -> VERIFICAR URGENTE
A92: DEBORA VITORIA FERREIRA DA CUNHA | B92: =M92 -> 45450 | C92: 45338 | D92: 46403 | E92: =(D92-C92)/7 -> 152.14286 | F92: =($B$2-C92)/7 -> 119 | G92: 144 | H92: 22 | K92: =IFERROR(((F92*G92)/E92)-H92,"") -> 90.630986 | L92: =IF(K92<-10,"MUITO ADIANTADO",IF(K92<-6,"ADIANTADO",IF(K92<6,"EM DIAS",IF(K92<12,"ATRASADO","MUITO ATRASADO")))) -> MUITO ATRASADO | M92: 45450 | N92: =$B$2-M92 -> 721 | O92: =IF(N92<8,"VERIFICADO",IF(N92<15,"VERIFICAR","VERIFICAR URGENTE")) -> VERIFICAR URGENTE
A93: EDILANE DA CONCEIÇÃO GONZAGA | B93: =M93 -> 45450 | C93: 45324 | D93: 45475 | E93: =(D93-C93)/7 -> 21.571429 | F93: =($B$2-C93)/7 -> 121 | G93: 16 | H93: 12 | K93: =IFERROR(((F93*G93)/E93)-H93,"") -> 77.748344 | L93: =IF(K93<-10,"MUITO ADIANTADO",IF(K93<-6,"ADIANTADO",IF(K93<6,"EM DIAS",IF(K93<12,"ATRASADO","MUITO ATRASADO")))) -> MUITO ATRASADO | M93: 45450 | N93: =$B$2-M93 -> 721 | O93: =IF(N93<8,"VERIFICADO",IF(N93<15,"VERIFICAR","VERIFICAR URGENTE")) -> VERIFICAR URGENTE
A94: EMERSON LEANDRO SANTANA DA SILVA | B94: =M94 -> 45450 | C94: 45034 | D94: 45616 | E94: =(D94-C94)/7 -> 83.142857 | F94: =($B$2-C94)/7 -> 162.42857 | G94: 96 | H94: 78 | I94: =IFERROR(H94/G94,"") -> 0.8125 | J94: =IFERROR(F94/E94,"") -> 1.9536082 | K94: =IFERROR(((F94*G94)/E94)-H94,"") -> 109.54639 | L94: =IF(K94<-10,"MUITO ADIANTADO",IF(K94<-6,"ADIANTADO",IF(K94<6,"EM DIAS",IF(K94<12,"ATRASADO","MUITO ATRASADO")))) -> MUITO ATRASADO | M94: 45450 | N94: =$B$2-M94 -> 721 | O94: =IF(N94<8,"VERIFICADO",IF(N94<15,"VERIFICAR","VERIFICAR URGENTE")) -> VERIFICAR URGENTE
A95: EMMANUEL JERÔNIMO PENNA MOTTA | B95: =M95 -> 45451 | C95: 45317 | D95: 45895 | E95: =(D95-C95)/7 -> 82.571429 | F95: =($B$2-C95)/7 -> 122 | G95: 80 | H95: 40 | K95: =IFERROR(((F95*G95)/E95)-H95,"") -> 78.200692 | L95: =IF(K95<-10,"MUITO ADIANTADO",IF(K95<-6,"ADIANTADO",IF(K95<6,"EM DIAS",IF(K95<12,"ATRASADO","MUITO ATRASADO")))) -> MUITO ATRASADO | M95: 45451 | N95: =$B$2-M95 -> 720 | O95: =IF(N95<8,"VERIFICADO",IF(N95<15,"VERIFICAR","VERIFICAR URGENTE")) -> VERIFICAR URGENTE
A96: ISABELLY DA SILVA MARÊS | B96: =M96 -> 45450 | C96: 45054 | D96: 45562 | E96: =(D96-C96)/7 -> 72.571429 | F96: =($B$2-C96)/7 -> 159.57143 | G96: 80 | H96: 58 | I96: =IFERROR(H96/G96,"") -> 0.725 | J96: =IFERROR(F96/E96,"") -> 2.1988189 | K96: =IFERROR(((F96*G96)/E96)-H96,"") -> 117.90551 | L96: =IF(K96<-10,"MUITO ADIANTADO",IF(K96<-6,"ADIANTADO",IF(K96<6,"EM DIAS",IF(K96<12,"ATRASADO","MUITO ATRASADO")))) -> MUITO ATRASADO | M96: 45450 | N96: =$B$2-M96 -> 721 | O96: =IF(N96<8,"VERIFICADO",IF(N96<15,"VERIFICAR","VERIFICAR URGENTE")) -> VERIFICAR URGENTE
A97: LUCIEIDE FONSECA DE SOUZA | B97: =M97 -> 45451 | C97: 44489 | D97: 46011 | E97: =(D97-C97)/7 -> 217.42857 | F97: =($B$2-C97)/7 -> 240.28571 | G97: 251 | H97: 48 | I97: =IFERROR(H97/G97,"") -> 0.19123506 | J97: =IFERROR(F97/E97,"") -> 1.1051248 | K97: =IFERROR(((F97*G97)/E97)-H97,"") -> 229.38633 | L97: =IF(K97<-10,"MUITO ADIANTADO",IF(K97<-6,"ADIANTADO",IF(K97<6,"EM DIAS",IF(K97<12,"ATRASADO","MUITO ATRASADO")))) -> MUITO ATRASADO | M97: 45451 | N97: =$B$2-M97 -> 720 | O97: =IF(N97<8,"VERIFICADO",IF(N97<15,"VERIFICAR","VERIFICAR URGENTE")) -> VERIFICAR URGENTE
A98: MARIA CLARA BISPO DOS SANTOS | B98: =M98 -> 45454 | C98: 45146 | D98: 45672 | E98: =(D98-C98)/7 -> 75.142857 | F98: =($B$2-C98)/7 -> 146.42857 | G98: 80 | H98: 46 | K98: =IFERROR(((F98*G98)/E98)-H98,"") -> 109.89354 | L98: =IF(K98<-10,"MUITO ADIANTADO",IF(K98<-6,"ADIANTADO",IF(K98<6,"EM DIAS",IF(K98<12,"ATRASADO","MUITO ATRASADO")))) -> MUITO ATRASADO | M98: 45454 | N98: =$B$2-M98 -> 717 | O98: =IF(N98<8,"VERIFICADO",IF(N98<15,"VERIFICAR","VERIFICAR URGENTE")) -> VERIFICAR URGENTE
A99: JOÃO PAULO VITORIA LIMA DE BRITO | B99: =M99 -> 45450 | C99: 44963 | D99: 45461 | E99: =(D99-C99)/7 -> 71.142857 | F99: =($B$2-C99)/7 -> 172.57143 | G99: 92 | H99: 89 | I99: =IFERROR(H99/G99,"") -> 0.9673913 | J99: =IFERROR(F99/E99,"") -> 2.4257028 | K99: =IFERROR(((F99*G99)/E99)-H99,"") -> 134.16466 | L99: =IF(K99<-10,"MUITO ADIANTADO",IF(K99<-6,"ADIANTADO",IF(K99<6,"EM DIAS",IF(K99<12,"ATRASADO","MUITO ATRASADO")))) -> MUITO ATRASADO | M99: 45450 | N99: =$B$2-M99 -> 721 | O99: =IF(N99<8,"VERIFICADO",IF(N99<15,"VERIFICAR","VERIFICAR URGENTE")) -> VERIFICAR URGENTE
A100: MARIA CLARA GOMES LEOPOLDO SILVA | B100: =M100 -> 45454 | C100: 44957 | D100: 45478 | E100: =(D100-C100)/7 -> 74.428571 | F100: =($B$2-C100)/7 -> 173.42857 | G100: 76 | H100: 70 | I100: =IFERROR(H100/G100,"") -> 0.92105263 | J100: =IFERROR(F100/E100,"") -> 2.3301344 | K100: =IFERROR(((F100*G100)/E100)-H100,"") -> 107.09021 | L100: =IF(K100<-10,"MUITO ADIANTADO",IF(K100<-6,"ADIANTADO",IF(K100<6,"EM DIAS",IF(K100<12,"ATRASADO","MUITO ATRASADO")))) -> MUITO ATRASADO | M100: 45454 | N100: =$B$2-M100 -> 717 | O100: =IF(N100<8,"VERIFICADO",IF(N100<15,"VERIFICAR","VERIFICAR URGENTE")) -> VERIFICAR URGENTE
A101: JOSÉ VITÓRIO CRUZ GUIMARÃES | B101: =M101 -> 45450 | C101: 45156 | D101: 45706 | E101: =(D101-C101)/7 -> 78.571429 | F101: =($B$2-C101)/7 -> 145 | G101: 80 | H101: 60 | K101: =IFERROR(((F101*G101)/E101)-H101,"") -> 87.636364 | L101: =IF(K101<-10,"MUITO ADIANTADO",IF(K101<-6,"ADIANTADO",IF(K101<6,"EM DIAS",IF(K101<12,"ATRASADO","MUITO ATRASADO")))) -> MUITO ATRASADO | M101: 45450 | N101: =$B$2-M101 -> 721 | O101: =IF(N101<8,"VERIFICADO",IF(N101<15,"VERIFICAR","VERIFICAR URGENTE")) -> VERIFICAR URGENTE
...

Sheet Pedido de Apostilas Centro
A2: Aluno | B2: Situação | C2: Aulas | D2: Pedir | E2: Módulo para pedido | F2: Unidade | G2: Módulo Atual / Observação
A3: MARCOS HENRIQUE ALMEIDA DA SILVA | B3: =IFERROR(VLOOKUP(A3,CENTRO!$A$4:$L$548,12,0),"") -> MUITO ATRASADO | C3: =IFERROR(VLOOKUP(A3,CENTRO!$A$4:$L$137,11,0),"") | D3: =TRUE() -> 1 | E3: MONTAGEM E MANUTENÇÃO DE HADWER | G3: MATERIAL NO ARMARIO 30/01/24
A4: MARIA CLARA SILVA DE OLIVEIRA | D4: =TRUE() -> 1 | E4: INTERNET COM OUTLOOK 2021 | G4: MATERIAL NO ARMARIO 30/01/24
A5: HILLARY SILVA DOS SANTOS | D5: =TRUE() -> 1 | E5: EMPREENDEDORISMO/ ASS ADM I | G5: MATERIAL NO ARMARIO 30/01/24
A6: NATIELLE BISPO D OLIVEIRA | D6: =TRUE() -> 1 | E6: EXCEL | G6: MATERIAL NO ARMARIO 30/01/24
A7: KARINE APARECIDA DE ARAÚJO ANTONIO | D7: =TRUE() -> 1 | E7: EXCEL 2021 | G7: MATERIAL NO ARMARIO 30/01/24
A8: LUIS RYAN SODRÉ COÊLHO | B8: =IFERROR(VLOOKUP(A8,CENTRO!$A$4:$L$548,12,0),"") -> MUITO ATRASADO | C8: =IFERROR(VLOOKUP(A8,CENTRO!$A$4:$L$548,11,0),"") -> 136.61728 | D8: =TRUE() -> 1 | E8: GOOGLE E REDES SOCIAIS | G8: MATERIAL NO ARMARIO 16/03
A9: EMANUELLY JESUS DA SILVA | B9: =IFERROR(VLOOKUP(A9,CENTRO!$A$4:$L$548,12,0),"") -> MUITO ATRASADO | C9: =IFERROR(VLOOKUP(A9,CENTRO!$A$4:$L$548,11,0),"") -> 118.16815 | D9: =TRUE() -> 1 | E9: LIDERANÇA/ ASS ADM I | G9: MATERIAL NO ARMARIO 18/04
A10: DIOGO LEITE CARVALHO | B10: =IFERROR(VLOOKUP(A10,CENTRO!$A$4:$L$548,12,0),"") | C10: =IFERROR(VLOOKUP(A10,CENTRO!$A$4:$L$548,11,0),"") | D10: =TRUE() -> 1 | E10: MOINTAGEM E MANUTENÇÃO DE H | G10: MATERIAL NO ARMARIO 29/09
A11: GESSICA SANTOS DE SOUZA | D11: =TRUE() -> 1 | E11: WORD 2021 | G11: MATERIAL NO ARMARIO 06/10
A12: ISABELLA JESUS CARVALHO DA SILVA | D12: =TRUE() -> 1 | E12: EXCEL | G12: MATERIAL NO ARMARIO 06/10
A13: ISRAEL MOTA DE JESUS | D13: =TRUE() -> TRUE | E13: SEGURANÇA NA ERA DIGITAL | G13: MATERIAL NO ARMARIO 16/02
A14: IURE DE OLIVEIRA ALVES | D14: =TRUE() -> TRUE | E14: WORD 2021 | G14: MATERIAL NO ARMARIO 16/03
A15: BRUNA ETIELLE | D15: =TRUE() -> TRUE | E15: ASSISTENTE ADM I | G15: MATERIAL NO ARMARIO 16/03
A16: LUCAS ALMEIDA BARBOSA | B16: =IFERROR(VLOOKUP(A16,CENTRO!$A$4:$L$548,12,0),"") -> MUITO ATRASADO | C16: =IFERROR(VLOOKUP(A16,CENTRO!$A$4:$L$137,11,0),"") -> 176.24034 | D16: =TRUE() -> TRUE | E16: INTERNET COM OUTLOOK 2021/ MONTAGEM | G16: MATERIAL NO ARMARIO 16/02
A17: SAMUEL RODRIGUES DA SILVA | B17: =IFERROR(VLOOKUP(A17,CENTRO!$A$4:$L$548,12,0),"") -> MUITO ATRASADO | C17: =IFERROR(VLOOKUP(A17,CENTRO!$A$4:$L$137,11,0),"") -> 185.94991 | D17: =TRUE() -> TRUE | E17: OPERADOR DE CAIXA/ ASS DE ADM FINANCEIRA | G17: MATERIAL NO ARMARIO 17/04
A18: KELY VITÓRIA SANTOS EVANGELISTA | B18: =IFERROR(VLOOKUP(A18,CENTRO!$A$4:$L$548,12,0),"") -> MUITO ATRASADO | C18: =IFERROR(VLOOKUP(A18,CENTRO!$A$4:$L$137,11,0),"") -> 186.10633 | D18: =TRUE() -> TRUE | G18: MATERIAL NO ARMARIO 16/02
A19: JOÃO VITOR SILVA MACÊDO | D19: =TRUE() -> TRUE | E19: PREMIERE/PHOTO SHOP ESSENCIAL | G19: ALUNO ACELERADO
A20: ÂNGELA DA CRUZ DE JESUS | D20: =TRUE() -> TRUE | E20: WINDOWS 11 | G20: ALUNA NOVA
A21: EVELY DA CRUZ DE JESUS | D21: =TRUE() -> TRUE | E21: WINDOWS 11 | G21: aluna nova
A22: ADRIELY DE SOUZA PEREIRA | D22: =TRUE() -> TRUE | E22: WINDOWS 11 | G22: ALUNO NOVO
A23: IASMIM BROTA DOS SANTOS | D23: =TRUE() -> TRUE | E23: WINDOWS 11 | G23: ALUNA NOVA
A24: ANA VITORIA GOMES DE SOUZA | D24: =TRUE() -> TRUE | E24: WINDOWS 11 | G24: ALUNA NOVA
A25: CAPA CARNÊ | D25: =TRUE() -> TRUE | E25: CAPA CARNÊ | G25: CAPA CARNe
A26: VITORIA PAIVA GOMES | D26: =TRUE() -> TRUE | E26: WINDOWS 11 | G26: ALUNO NOVO
A27: MATEUS PAIVA DA SILVA | D27: =TRUE() -> TRUE | E27: WINDOWS 11 | G27: ALUNO NOVO
A28: SARA CRISTINA RODRIGUES SCHIST | D28: =TRUE() -> TRUE | E28: ASSISTENTE ADM I | G28: ALUNA NOVA
A29: SABRINA SANTOS MARTINS | D29: =TRUE() -> TRUE | E29: WINDOWS 11 | G29: ALUNA NOVA
A30: DAVI DOURADO DA CRUZ SILVA | D30: =TRUE() -> 1 | E30: MONTAGEM E MANUTENÇÃO DE HANDEWARE | G30: ALUNO NOVO
... A38: BORIS ALECSANDER MAKOWICH FILHO | D38: =TRUE() -> TRUE | E38: SEGURANÇA NA ERA DIGITAL | G38: MATERIAL NO ARMARIO 22/04
A39: ANA LUIZA RIBEIRO DISCONZI | D39: =FALSE() -> 0 | E39: WINDOWS 11 | G39: MATERIAL NO ARMARIO 22/04
A40: CARLA KARINE DE LIMA SANTOS | D40: =FALSE() -> 0 | E40: WORD 2021 | G40: MATERIAL NO ARMARIO 22/04
A41: ANDRÉ LUCAS DA ROCHA LOPES | D41: =FALSE() -> 0 | E41: ASSITENTE ADM I | G41: MATERIAL NO ARMARIO 22/04
A42: CAMILA DE ARAUJO ROCHA | D42: =FALSE() -> 0 | E42: WORD 2021 | G42: MATERIAL NO ARMARIO 22/04
A43: CRISTINA LIMA DOS SANTOS | D43: =FALSE() -> 0 | E43: WINDOWS 11 | G43: MATERIAL NO ARMARIO 22/04
A44: FRANCISCO DO NASCIMENTO SILVA | D44: =FALSE() -> 0 | E44: WINDOWS 11 | G44: MATERIAL NO ARMARIO 22/04
A45: AGHATA DA FRANÇA PEREIRA | D45: =FALSE() -> 0 | E45: WINDOWS 11 | G45: MATERIAL NO ARMARIO 22/04
A46: FRANCIELEN DA SILVA BARROS | D46: =FALSE() -> 0 | E46: WORD 2021 | G46: MATERIAL NO ARMARIO 22/04
A47: LAURA OLIVEIRA DOS SANTOS | D47: =FALSE() -> 0 | E47: WINDOWS 11 | G47: MATERIAL NO ARMARIO 22/04
A48: YASMIN DOS SANTOS DE SOUZA | D48: =FALSE() -> 0 | E48: WINDOWS 11 | G48: MATERIAL NO ARMARIO 22/04
A49: INGRYD CAROLINA DOS SANTOS SOARES | D49: =FALSE() -> 0 | E49: WINDWS 11 | G49: MATERIAL NO ARMARIO 22/04
A50: RUAN FRANKLIN OLIVEIRA DE MELO | D50: =FALSE() -> 0 | E50: windows 11 | G50: MATERIAL NO ARMARIO 22/04
... A66: JOÃO LUCAS CARVALHO BONFIM | D66: =FALSE() -> 0 | E66: REDES CABEAMENTO E INFRAESTRUTURA | G66: MATERIAL NO ARMARIO 22/04
A67: VINÍCIUS ALVES ALBUQUERQUE DOS SANTOS | B67: =IFERROR(VLOOKUP(A67,CENTRO!$A$4:$L$548,12,0),"") -> MUITO ATRASADO | C67: =IFERROR(VLOOKUP(A67,CENTRO!$A$4:$L$137,11,0),"") | D67: =FALSE() -> 0 | E67: POWER POINT 2021 | G67: MATERIAL NO ARMARIO 22/04
A68: ARTHUR DA SILVA DE CASTRO | B68: =IFERROR(VLOOKUP(A68,CENTRO!$A$4:$L$548,12,0),"") -> MUITO ATRASADO | C68: =IFERROR(VLOOKUP(A68,CENTRO!$A$4:$L$137,11,0),"") | D68: =FALSE() -> 0 | E68: EMPREENDEDORISMO | G68: MATERIAL NO ARMARIO 22/04
A69: NAIANA DOS SANTOS | B69: =IFERROR(VLOOKUP(A69,CENTRO!$A$4:$L$548,12,0),"") -> MUITO ATRASADO | C69: =IFERROR(VLOOKUP(A69,CENTRO!$A$4:$L$137,11,0),"") -> 188.19499 | D69: =FALSE() -> 0 | E69: INTERNET COM OUTLOOK 2021 | G69: MATERIAL NO ARMARIO 22/04
A70: MARIA GABRYELLE MOREIRA NASCIMENTO | D70: =FALSE() -> 0 | E70: POWER POINT 2021 | G70: MATERIAL NO ARMARIO 22/04
A71: EDUARDO DE MENEZES NASCIMENTO | D71: =FALSE() -> 0 | E71: POWER POINT 2021 | G71: MATERIAL NO ARMARIO 22/04
A72: NICOLAS OLIVEIRA DOS REIS | D72: =FALSE() -> 0 | E72: POWER POINT 2021 | G72: MATERIAL NO ARMARIO 22/04
A73: JACKSON PAULO PIRES ROCHA | D73: =FALSE() -> 0 | E73: POWER POINT 2021 | G73: MATERIAL NO ARMARIO 22/04
A74: GABRIEL VICTOR NASCIMENTO SANTOS | B74: =IFERROR(VLOOKUP(A74,CENTRO!$A$4:$L$548,12,0),"") -> MUITO ATRASADO | C74: =IFERROR(VLOOKUP(A74,CENTRO!$A$4:$L$137,11,0),"") | D74: =FALSE() -> 0 | E74: ADMINISTRAÇÃO FINANCEIRA | G74: MATERIAL NO ARMARIO 22/04
A75: MONELY LUCIA PEREIRA DE CARVALHO | D75: =FALSE() -> 0 | E75: POWER POINT 2020 | G75: MATERIAL NO ARMARIO 22/04
A76: JUAN DA SILVA COSTA | B76: =IFERROR(VLOOKUP(A76,CENTRO!$A$4:$L$548,12,0),"") -> MUITO ATRASADO | C76: =IFERROR(VLOOKUP(A76,CENTRO!$A$4:$L$548,11,0),"") -> 110.85782 | D76: =FALSE() -> 0 | E76: POWER POINT 2021 | G76: MATERIAL NO ARMARIO 22/04
A77: ANA BEATRIZ DA SILVA DOS SANTOS | B77: =IFERROR(VLOOKUP(A77,CENTRO!$A$4:$L$548,12,0),"") -> MUITO ATRASADO | C77: =IFERROR(VLOOKUP(A77,CENTRO!$A$4:$L$548,11,0),"") -> 130.56544 | D77: =FALSE() -> 0 | E77: POWER POINT 2022 | G77: MATERIAL NO ARMARIO 22/04
A78: PEDRO DAVI SILVA SANTOS | B78: =IFERROR(VLOOKUP(A78,CENTRO!$A$4:$L$548,12,0),"") -> MUITO ATRASADO | C78: =IFERROR(VLOOKUP(A78,CENTRO!$A$4:$L$548,11,0),"") -> 123.8125 | D78: =FALSE() -> 0 | E78: POWER POINT 2021 | G78: MATERIAL NO ARMARIO 22/04
A79: IASMIN LOUZEIRO LOBATO ROCHA | B79: =IFERROR(VLOOKUP(A79,CENTRO!$A$4:$L$548,12,0),"") -> MUITO ATRASADO | C79: =IFERROR(VLOOKUP(A79,CENTRO!$A$4:$L$548,11,0),"") -> 107.43842 | D79: =FALSE() -> 0 | E79: INTERNET COM OUTLOOK 2021 | G79: MATERIAL NO ARMARIO 22/04
A80: MADNA ESTEFFANY MEDRADO DA CRUZ | B80: =IFERROR(VLOOKUP(A80,CENTRO!$A$4:$L$548,12,0),"") -> MUITO ATRASADO | C80: =IFERROR(VLOOKUP(A80,CENTRO!$A$4:$L$548,11,0),"") -> 87.894737 | D80: =FALSE() -> 0 | E80: DEPARTAMENTO PESSOAL/ ASSISTENTE ADM 1 | G80: MATERIAL NO ARMARIO 22/04
A81: MARIANA DE GOUVEIA PEREIRA | D81: =FALSE() -> 0 | E81: EXCEL 2021 | G81: MATERIAL NO ARMARIO 22/04
A82: RIKAELY LORRANY GOMES DA SILVA | D82: =FALSE() -> 0 | E82: EXCEL 2021 | G82: MATERIAL NO ARMARIO 22/04
A83: EMYLE OLIVEIRA SANTOS | D83: =FALSE() -> 0 | E83: POWER POINT 2021 | G83: MATERIAL NO ARMARIO 22/04
A84: BRUNA PEREIRA DIAS | D84: =FALSE() -> 0 | E84: EXCEL 2021 | G84: MATERIAL NO ARMARIO 22/04
A85: THAYNARA ALMEIDA ANDRADE | D85: =FALSE() -> 0 | E85: EXCEL 2021 | G85: MATERIAL NO ARMARIO 22/04
A86: LETICIA ESTER FERREIRA NOGUEIRA | D86: =FALSE() -> 0 | E86: WORD 2021 | G86: MATERIAL NO ARMARIO 22/04
A87: FLAVIO MESQUITA DE BRITO | D87: =FALSE() -> 0 | E87: WORD 2021 | G87: MATERIAL NO ARMARIO 22/04
A88: HAILA VITORIA ALMEIDA DA SILVA | D88: =FALSE() -> 0 | E88: EXCEL 2021 | G88: MATERIAL NO ARMARIO 22/04
A89: JOÃO VITOR MORREIRA DOS SANTOS | D89: =FALSE() -> 0 | E89: EXCEL 2021 | G89: MATERIAL NO ARMARIO 22/04
A90: MARIA EDUARDA ALVES DA CRUZ | B90: =IFERROR(VLOOKUP(A90,CENTRO!$A$4:$L$548,12,0),"") -> MUITO ATRASADO | C90: =IFERROR(VLOOKUP(A90,CENTRO!$A$4:$L$548,11,0),"") -> 104.10828 | D90: =FALSE() -> 0 | E90: SECRETARIADO | G90: MATERIAL NO ARMARIO 22/04
A91: TIAGO ESTEVAM MATOS COSTA | D91: =FALSE() -> 0 | E91: EXCEL 2021 | G91: MATERIAL NO ARMARIO 22/04
A92: PEDRO DAVI SILVA SANTOS | D92: =FALSE() -> 0 | E92: POWER POINT 2021 | G92: MATERIAL NO ARMARIO 22/04
A93: MARIA CLARA BISPO DOS SANTOS | D93: =FALSE() -> 0 | E93: EXCEL 2021 | G93: MATERIAL NO ARMARIO 22/04
A94: JOÃO PEDRO FERREIRA DIAS | D94: =FALSE() -> 0 | E94: EXCEL 2021 | G94: MATERIAL NO ARMARIO 22/04
A95: GUILHERME SOARES GOMES | D95: =FALSE() -> 0 | E95: POWER POINT 2021 | G95: MATERIAL NO ARMARIO 22/04
A96: HEMILLY OLIVEIRA XAVIER | B96: =IFERROR(VLOOKUP(A96,CENTRO!$A$4:$L$548,12,0),"") -> MUITO ATRASADO | C96: =IFERROR(VLOOKUP(A96,CENTRO!$A$4:$L$137,11,0),"") -> 178.59858 | D96: =FALSE() -> 0 | E96: INTERNET COM OUTLOOK 2021 | G96: MATERIAL NO ARMARIO 22/04
A97: JOVANNA ALVES DE SOUZA | B97: =IFERROR(VLOOKUP(A97,CENTRO!$A$4:$L$548,12,0),"") -> MUITO ATRASADO | C97: =IFERROR(VLOOKUP(A97,CENTRO!$A$4:$L$137,11,0),"") -> 220.66465 | D97: =FALSE() -> 0 | E97: EMPREENDEDORISMO | G97: MATERIAL NO ARMARIO 22/04
A98: GUILHERMY OLIVEIRA DE NOVAES | D98: =FALSE() -> 0 | E98: WORD 2021 | G98: MATERIAL NO ARMARIO 22/04
A99: YASMIM CLARA BRANDÃO FREITAS | D99: =FALSE() -> 0 | E99: EXCEL 2021 | G99: MATERIAL NO ARMARIO 22/04
A100: JOSÉ VITÓRIO CRUZ GUIMARÃES | D100: =FALSE() -> 0 | E100: POWER POINT 2021 | G100: MATERIAL NO ARMARIO 22/04
A101: LAISA DA SILVA SANTOS | D101: =FALSE() -> 0 | E101: SECRETARIADO | G101: MATERIAL NO ARMARIO 22/04
A102: ALICIA VITÓRIA DE VASCONCELOS ANDRADE | D102: =FALSE() -> 0 | E102: EXCEL 2021 | G102: MATERIAL NO ARMARIO 22/04
A103: LUIS FELIPE SILVA DE OLIVEIRA | D103: =FALSE() -> 0 | E103: WORD 2021 | G103: MATERIAL NO ARMARIO 22/04
A104: WILLIAM SILVA LOURA | D104: =FALSE() -> 0 | E104: EXCEL 2021 | G104: MATERIAL NO ARMARIO 22/04
A105: LUCAS DA SILVA DE OLIVEIRA | B105: =IFERROR(VLOOKUP(A105,CENTRO!$A$4:$L$548,12,0),"") -> MUITO ATRASADO | C105: =IFERROR(VLOOKUP(A105,CENTRO!$A$4:$L$137,11,0),"") | D105: =FALSE() -> 0 | E105: ESCRITA FISCAL E CONTABIL | G105: MATERIAL NO ARMARIO 22/04
A106: LUIS OTAVIO DA SILVA PEREIRA | B106: =IFERROR(VLOOKUP(A106,CENTRO!$A$4:$L$548,12,0),"") | C106: =IFERROR(VLOOKUP(A106,CENTRO!$A$4:$L$548,11,0),"") | D106: =FALSE() -> 0 | E106: POWER POINT 2021 | G106: MATERIAL NO ARMARIO 22/04
A107: EDUARDA DA SILVA BORGES | B107: =IFERROR(VLOOKUP(A107,CENTRO!$A$4:$L$548,12,0),"") -> MUITO ATRASADO | C107: =IFERROR(VLOOKUP(A107,CENTRO!$A$4:$L$137,11,0),"") | D107: =FALSE() -> 0 | E107: INTERNET COM OUTLOOK 2021 | F107: INTERNET COM OUTLOOK 2022 | G107: INTERNET COM OUTLOOK 2023
A108: ADRIANO DA SILVA LIMA | B108: =IFERROR(VLOOKUP(A108,CENTRO!$A$4:$L$548,12,0),"") -> MUITO ATRASADO | C108: =IFERROR(VLOOKUP(A108,CENTRO!$A$4:$L$137,11,0),"") | D108: =FALSE() -> 0 | E108: INTERNET COM OUTLOOK 2022 | G108: MATERIAL NO ARMARIO 22/04
A109: CAMILY DA SILVA BATISTA | B109: =IFERROR(VLOOKUP(A109,CENTRO!$A$4:$L$548,12,0),"") | C109: =IFERROR(VLOOKUP(A109,CENTRO!$A$4:$L$137,11,0),"") | D109: =FALSE() -> 0 | E109: LIDERANÇA | G109: MATERIAL NO ARMARIO 22/04
A110: MARCOS VINÍCIUS SANTOS DE JESUS | B110: =IFERROR(VLOOKUP(A110,CENTRO!$A$4:$L$548,12,0),"") -> MUITO ATRASADO | C110: =IFERROR(VLOOKUP(A110,CENTRO!$A$4:$L$137,11,0),"") | D110: =FALSE() -> 0 | E110: LIDERANÇA | G110: MATERIAL NO ARMARIO 22/04
A111: JUAN CARLOS MARQUES ROCHA | B111: =IFERROR(VLOOKUP(A111,CENTRO!$A$4:$L$548,12,0),"") -> MUITO ATRASADO | C111: =IFERROR(VLOOKUP(A111,CENTRO!$A$4:$L$548,11,0),"") -> 106.71143 | D111: =FALSE() -> 0 | E111: POWER POINT 2021 | G111: MATERIAL NO ARMARIO 22/04
A112: JHONATA DE MOURA MACEDO | D112: =FALSE() -> 0 | E112: EXCEL 2021 | G112: MATERIAL NO ARMARIO 22/04
A113: JUAN PEDRO TELES DA SILVA | D113: =FALSE() -> 0 | E113: EXCEL 2021 | G113: MATERIAL NO ARMARIO 22/04
A114: EVELLYN SILVA DE OLIVEIRA | D114: =FALSE() -> 0 | E114: ASSISTENTE ADMINISTRATIVO I | G114: MATERIAL NO ARMARIO 22/04
A115: LETÍCIA BARBOSA AMARAL | D115: =FALSE() -> 0 | E115: WORD 2021 | G115: MATERIAL NO ARMARIO 22/04
A116: ANABEL DE OLIVEIRA NUNES | D116: =FALSE() -> 0 | E116: WORD 2021 | G116: MATERIAL NO ARMARIO 22/04
A117: SABRINA BENICIO DA SILVA SOUZA | B117: =IFERROR(VLOOKUP(A117,CENTRO!$A$4:$L$548,12,0),"") -> MUITO ATRASADO | C117: =IFERROR(VLOOKUP(A117,CENTRO!$A$4:$L$548,11,0),"") -> 163.25426 | D117: =FALSE() -> 0 | E117: ASSISTENTE ADMINISTRATIVO I | G117: MATERIAL NO ARMARIO 22/04
A118: ANA VALÉRIA PEREIRA LIMA | B118: =IFERROR(VLOOKUP(A118,CENTRO!$A$4:$L$548,12,0),"") | C118: =IFERROR(VLOOKUP(A118,CENTRO!$A$4:$L$137,11,0),"") | D118: =FALSE() -> 0 | E118: ASSISTENTE ADMINISTRATIVO I | G118: MATERIAL NO ARMARIO 22/04
A119: IVAN FRANÇA DE ASSIS | D119: =FALSE() -> 0 | E119: EXCEL 2021 | G119: MATERIAL NO ARMARIO 22/04
A120: JOÃO PEDRO DOS SANTOS CAMARA | D120: =FALSE() -> 0 | E120: COREL DRAW I/COREL DRAW I | G120: MATERIAL NO ARMARIO 22/04
A121: CIRO LIMA VIEIRA | D121: =FALSE() -> 0 | E121: RH | G121: MATERIAL NO ARMARIO 22/04
A122: KEVIN GONÇALVES COSTA | D122: =FALSE() -> 0 | E122: POWER POINT 2021 | G122: MATERIAL NO ARMARIO 22/04
A123: YASMIN DE OLIVEIRA DOURADO | D123: =FALSE() -> 0 | E123: POWER POINT 2021 | G123: MATERIAL NO ARMARIO 22/04
...
